;std;method_name;acc;nmi;ari
0;5.0;LRR_L1;0.464;0.4998524438153799;0.27564631803526346
1;5.0;LRR_L1;0.46;0.4996369608215092;0.2761752598004406
2;5.0;LRR_L1;0.464;0.49985244381538;0.27564631803526346
3;5.0;LRR_L1;0.44;0.502029268661721;0.25290617970359286
4;5.0;LRR_L1;0.46;0.4996369608215091;0.2761752598004406
5;5.0;LRR_L1;0.462;0.4993512994810543;0.27537220972044396
6;5.0;LRR_L1;0.464;0.49985244381538;0.27564631803526346
7;5.0;LRR_L1;0.464;0.49985244381538;0.27564631803526346
8;5.0;LRR_L1;0.478;0.5146502411848218;0.30017522317162554
9;5.0;LRR_L1;0.446;0.502932077068234;0.2533621311793228
10;5.0;LRR_L1;0.464;0.49985244381538;0.27564631803526346
11;5.0;LRR_L1;0.462;0.49935129948105417;0.27537220972044396
12;5.0;LRR_L1;0.444;0.5024205594147482;0.2531088505826107
13;5.0;LRR_L1;0.464;0.49985244381538;0.27564631803526346
14;5.0;LRR_L1;0.462;0.4993512994810544;0.27537220972044396
15;5.0;LRR_L1;0.464;0.49985244381538;0.27564631803526346
16;5.0;LRR_L1;0.46;0.4996369608215091;0.2761752598004406
17;5.0;LRR_L1;0.462;0.4993512994810544;0.27537220972044396
18;5.0;LRR_L1;0.446;0.5029320770682341;0.2533621311793228
19;5.0;LRR_L1;0.462;0.4993512994810543;0.27537220972044396
20;5.0;LRR_L1;0.462;0.49935129948105417;0.27537220972044396
21;5.0;LRR_L1;0.46;0.4996369608215092;0.2761752598004406
22;5.0;LRR_L1;0.464;0.49985244381538;0.27564631803526346
23;5.0;LRR_L1;0.464;0.49985244381538013;0.27564631803526346
24;5.0;LRR_L1;0.446;0.5029320770682338;0.2533621311793228
25;5.0;LRR_L1;0.446;0.502932077068234;0.2533621311793228
26;5.0;LRR_L1;0.446;0.502932077068234;0.2533621311793228
27;5.0;LRR_L1;0.464;0.49985244381538;0.27564631803526346
28;5.0;LRR_L1;0.444;0.5024205594147482;0.2531088505826107
29;5.0;LRR_L1;0.462;0.4993512994810543;0.27537220972044396
30;5.0;LRR_L1;0.458;0.49896795454121873;0.27515286810610784
31;5.0;LRR_L1;0.462;0.49935129948105417;0.27537220972044396
32;5.0;LRR_L1;0.46;0.499636960821509;0.2761752598004406
33;5.0;LRR_L1;0.444;0.5024205594147482;0.2531088505826107
34;5.0;LRR_L1;0.444;0.5024205594147483;0.2531088505826107
35;5.0;LRR_L1;0.464;0.4998524438153799;0.27564631803526346
36;5.0;LRR_L1;0.462;0.4993512994810544;0.27537220972044396
37;5.0;LRR_L1;0.446;0.502932077068234;0.2533621311793228
38;5.0;LRR_L1;0.464;0.4998524438153799;0.27564631803526346
39;5.0;LRR_L1;0.44;0.5020292686617208;0.25290617970359286
40;5.0;LRR_L1;0.46;0.4996369608215091;0.2761752598004406
41;5.0;LRR_L1;0.442;0.5027156559522029;0.25386811646886265
42;5.0;LRR_L1;0.464;0.49985244381538;0.27564631803526346
43;5.0;LRR_L1;0.496;0.5264754853179655;0.32212189637357647
44;5.0;LRR_L1;0.462;0.49935129948105417;0.27537220972044396
45;5.0;LRR_L1;0.464;0.4998524438153799;0.27564631803526346
46;5.0;LRR_L1;0.446;0.502932077068234;0.2533621311793228
47;5.0;LRR_L1;0.444;0.5024205594147483;0.2531088505826107
48;5.0;LRR_L1;0.464;0.49985244381538;0.27564631803526346
49;5.0;LRR_L1;0.484;0.5346118139758054;0.31493886022509243
50;10.0;LRR_L1;0.436;0.5623063285267408;0.3424995597401734
51;10.0;LRR_L1;0.436;0.5623063285267409;0.3424995597401734
52;10.0;LRR_L1;0.438;0.5594507109133607;0.34455129152094843
53;10.0;LRR_L1;0.442;0.5670835368617143;0.34638340679818397
54;10.0;LRR_L1;0.436;0.5649986147506879;0.3430234823286098
55;10.0;LRR_L1;0.44;0.5667782474238708;0.3479387934524012
56;10.0;LRR_L1;0.448;0.5741758233804052;0.35426878180765137
57;10.0;LRR_L1;0.45;0.5689181953738883;0.34874608617400465
58;10.0;LRR_L1;0.448;0.5741758233804052;0.35426878180765137
59;10.0;LRR_L1;0.46;0.5644407880987553;0.35724184651796786
60;10.0;LRR_L1;0.436;0.5623063285267407;0.3424995597401734
61;10.0;LRR_L1;0.442;0.5643931187872102;0.34585846147336563
62;10.0;LRR_L1;0.47;0.5740392108304004;0.36816781818660643
63;10.0;LRR_L1;0.44;0.5700281255570736;0.34906849701020204
64;10.0;LRR_L1;0.436;0.5638011449053856;0.34963939265873356
65;10.0;LRR_L1;0.44;0.5718238419070085;0.35308811855817535
66;10.0;LRR_L1;0.442;0.5720979422284002;0.35087894798144054
67;10.0;LRR_L1;0.468;0.5744719762929644;0.3682489208267717
68;10.0;LRR_L1;0.434;0.571272313104904;0.3488591592874488
69;10.0;LRR_L1;0.438;0.5620957544280999;0.3445506899940855
70;10.0;LRR_L1;0.448;0.5617373500758434;0.3456388883558638
71;10.0;LRR_L1;0.442;0.56977479473904;0.3485602222209442
72;10.0;LRR_L1;0.442;0.563879813777772;0.34532569564807264
73;10.0;LRR_L1;0.436;0.5624990463271664;0.3446224211778263
74;10.0;LRR_L1;0.442;0.5720979422284002;0.35087894798144054
75;10.0;LRR_L1;0.442;0.5720979422284002;0.35087894798144054
76;10.0;LRR_L1;0.468;0.5749145999180133;0.3686946354892715
77;10.0;LRR_L1;0.444;0.5668304819628597;0.3453983830633343
78;10.0;LRR_L1;0.436;0.5623063285267407;0.3424995597401734
79;10.0;LRR_L1;0.446;0.5618080949187843;0.3446922455909453
80;10.0;LRR_L1;0.434;0.5712723131049039;0.3488591592874488
81;10.0;LRR_L1;0.446;0.5690194585537008;0.35170715196593605
82;10.0;LRR_L1;0.43;0.5615235194692338;0.34455665630630056
83;10.0;LRR_L1;0.442;0.5652733057169437;0.3445772953599841
84;10.0;LRR_L1;0.438;0.5620957544281001;0.3445506899940855
85;10.0;LRR_L1;0.436;0.5624990463271664;0.3446224211778263
86;10.0;LRR_L1;0.444;0.5671238683476401;0.3457272631898213
87;10.0;LRR_L1;0.442;0.5638798137777719;0.34532569564807264
88;10.0;LRR_L1;0.436;0.5617935166940422;0.34196301918528416
89;10.0;LRR_L1;0.442;0.5643931187872102;0.34585846147336563
90;10.0;LRR_L1;0.442;0.5670835368617144;0.34638340679818397
91;10.0;LRR_L1;0.47;0.5740392108304004;0.36816781818660643
92;10.0;LRR_L1;0.434;0.571272313104904;0.3488591592874488
93;10.0;LRR_L1;0.436;0.5624990463271664;0.3446224211778263
94;10.0;LRR_L1;0.442;0.5638798137777719;0.34532569564807264
95;10.0;LRR_L1;0.446;0.5721073787039255;0.35245473774821395
96;10.0;LRR_L1;0.45;0.5689181953738883;0.34874608617400465
97;10.0;LRR_L1;0.438;0.5622545773037265;0.3451127105092403
98;10.0;LRR_L1;0.44;0.5700281255570735;0.34906849701020204
99;10.0;LRR_L1;0.47;0.5740392108304004;0.36816781818660643
100;15.0;LRR_L1;0.454;0.5107742537750394;0.2631534685730328
101;15.0;LRR_L1;0.454;0.5107742537750395;0.2631534685730328
102;15.0;LRR_L1;0.454;0.5107742537750394;0.2631534685730328
103;15.0;LRR_L1;0.454;0.5107742537750395;0.2631534685730328
104;15.0;LRR_L1;0.454;0.5107742537750395;0.2631534685730328
105;15.0;LRR_L1;0.454;0.5107742537750395;0.2631534685730328
106;15.0;LRR_L1;0.454;0.5107742537750395;0.2631534685730328
107;15.0;LRR_L1;0.454;0.5107742537750395;0.2631534685730328
108;15.0;LRR_L1;0.436;0.4983522182348649;0.2524423823217022
109;15.0;LRR_L1;0.454;0.5107742537750395;0.2631534685730328
110;15.0;LRR_L1;0.454;0.5107742537750395;0.2631534685730328
111;15.0;LRR_L1;0.464;0.5235042132939436;0.2920488384989438
112;15.0;LRR_L1;0.454;0.5107742537750395;0.2631534685730328
113;15.0;LRR_L1;0.454;0.5107742537750395;0.2631534685730328
114;15.0;LRR_L1;0.454;0.5107742537750395;0.2631534685730328
115;15.0;LRR_L1;0.454;0.5107742537750394;0.2631534685730328
116;15.0;LRR_L1;0.454;0.5107742537750395;0.2631534685730328
117;15.0;LRR_L1;0.454;0.5107742537750396;0.2631534685730328
118;15.0;LRR_L1;0.454;0.5107742537750395;0.2631534685730328
119;15.0;LRR_L1;0.442;0.5151747799305872;0.25409147278672384
120;15.0;LRR_L1;0.454;0.5107742537750394;0.2631534685730328
121;15.0;LRR_L1;0.454;0.5107742537750395;0.2631534685730328
122;15.0;LRR_L1;0.454;0.5107742537750395;0.2631534685730328
123;15.0;LRR_L1;0.464;0.5235042132939436;0.2920488384989438
124;15.0;LRR_L1;0.454;0.5107742537750395;0.2631534685730328
125;15.0;LRR_L1;0.464;0.5235042132939436;0.2920488384989438
126;15.0;LRR_L1;0.444;0.5096015327206659;0.2571001473082319
127;15.0;LRR_L1;0.454;0.5107742537750395;0.2631534685730328
128;15.0;LRR_L1;0.454;0.5107742537750395;0.2631534685730328
129;15.0;LRR_L1;0.456;0.5234380049297622;0.2660633466904121
130;15.0;LRR_L1;0.454;0.5107742537750395;0.2631534685730328
131;15.0;LRR_L1;0.454;0.5107742537750395;0.2631534685730328
132;15.0;LRR_L1;0.45;0.49750968826609565;0.25332110474188313
133;15.0;LRR_L1;0.454;0.5107742537750394;0.2631534685730328
134;15.0;LRR_L1;0.436;0.4983522182348648;0.2524423823217022
135;15.0;LRR_L1;0.454;0.5107742537750395;0.2631534685730328
136;15.0;LRR_L1;0.464;0.5235042132939436;0.2920488384989438
137;15.0;LRR_L1;0.464;0.521522348656874;0.28955503566919166
138;15.0;LRR_L1;0.454;0.5107742537750395;0.2631534685730328
139;15.0;LRR_L1;0.454;0.5107742537750395;0.2631534685730328
140;15.0;LRR_L1;0.454;0.5107742537750395;0.2631534685730328
141;15.0;LRR_L1;0.454;0.5107742537750395;0.2631534685730328
142;15.0;LRR_L1;0.454;0.5107742537750396;0.2631534685730328
143;15.0;LRR_L1;0.454;0.5107742537750394;0.2631534685730328
144;15.0;LRR_L1;0.448;0.5248909979485115;0.27035304321795495
145;15.0;LRR_L1;0.454;0.5107742537750395;0.2631534685730328
146;15.0;LRR_L1;0.436;0.4983522182348649;0.2524423823217022
147;15.0;LRR_L1;0.46;0.5109088314916074;0.28328726279504496
148;15.0;LRR_L1;0.454;0.5107742537750395;0.2631534685730328
149;15.0;LRR_L1;0.454;0.5107742537750396;0.2631534685730328
150;5.0;LRR_L2;0.43;0.512927887022365;0.29999928997474773
151;5.0;LRR_L2;0.43;0.5129278870223649;0.29999928997474773
152;5.0;LRR_L2;0.43;0.51125967954666;0.29973700742900733
153;5.0;LRR_L2;0.43;0.5161058711662576;0.30128225452863766
154;5.0;LRR_L2;0.43;0.512927887022365;0.29999928997474773
155;5.0;LRR_L2;0.43;0.5129278870223649;0.29999928997474773
156;5.0;LRR_L2;0.43;0.5161058711662576;0.30128225452863766
157;5.0;LRR_L2;0.43;0.5161058711662576;0.30128225452863766
158;5.0;LRR_L2;0.43;0.5161058711662576;0.30128225452863766
159;5.0;LRR_L2;0.43;0.5161058711662577;0.30128225452863766
160;5.0;LRR_L2;0.43;0.5161058711662575;0.30128225452863766
161;5.0;LRR_L2;0.436;0.5200275119634379;0.3046591329852213
162;5.0;LRR_L2;0.43;0.512927887022365;0.29999928997474773
163;5.0;LRR_L2;0.43;0.5161058711662575;0.30128225452863766
164;5.0;LRR_L2;0.43;0.5161058711662576;0.30128225452863766
165;5.0;LRR_L2;0.43;0.5129278870223651;0.29999928997474773
166;5.0;LRR_L2;0.43;0.5161058711662577;0.30128225452863766
167;5.0;LRR_L2;0.43;0.511816687028843;0.3001598437257621
168;5.0;LRR_L2;0.43;0.512927887022365;0.29999928997474773
169;5.0;LRR_L2;0.43;0.5161058711662576;0.30128225452863766
170;5.0;LRR_L2;0.436;0.5237586288793057;0.3064007576204007
171;5.0;LRR_L2;0.43;0.5129278870223649;0.29999928997474773
172;5.0;LRR_L2;0.43;0.5161058711662576;0.30128225452863766
173;5.0;LRR_L2;0.43;0.5161058711662577;0.30128225452863766
174;5.0;LRR_L2;0.43;0.5129278870223649;0.29999928997474773
175;5.0;LRR_L2;0.43;0.5161058711662577;0.30128225452863766
176;5.0;LRR_L2;0.43;0.5161058711662575;0.30128225452863766
177;5.0;LRR_L2;0.43;0.5161058711662576;0.30128225452863766
178;5.0;LRR_L2;0.43;0.5129278870223649;0.29999928997474773
179;5.0;LRR_L2;0.43;0.512927887022365;0.29999928997474773
180;5.0;LRR_L2;0.43;0.5125297358844235;0.2998367355804213
181;5.0;LRR_L2;0.43;0.512927887022365;0.29999928997474773
182;5.0;LRR_L2;0.43;0.512927887022365;0.29999928997474773
183;5.0;LRR_L2;0.43;0.5161058711662577;0.30128225452863766
184;5.0;LRR_L2;0.436;0.5232027949194543;0.3059726256179893
185;5.0;LRR_L2;0.43;0.512927887022365;0.29999928997474773
186;5.0;LRR_L2;0.43;0.5129278870223651;0.29999928997474773
187;5.0;LRR_L2;0.43;0.512927887022365;0.29999928997474773
188;5.0;LRR_L2;0.43;0.5161058711662576;0.30128225452863766
189;5.0;LRR_L2;0.43;0.512927887022365;0.29999928997474773
190;5.0;LRR_L2;0.43;0.5161058711662577;0.30128225452863766
191;5.0;LRR_L2;0.43;0.5161058711662577;0.30128225452863766
192;5.0;LRR_L2;0.43;0.5161058711662576;0.30128225452863766
193;5.0;LRR_L2;0.436;0.5200275119634379;0.3046591329852213
194;5.0;LRR_L2;0.43;0.512927887022365;0.29999928997474773
195;5.0;LRR_L2;0.43;0.5129278870223649;0.29999928997474773
196;5.0;LRR_L2;0.43;0.5129278870223651;0.29999928997474773
197;5.0;LRR_L2;0.43;0.5129278870223649;0.29999928997474773
198;5.0;LRR_L2;0.43;0.5129278870223649;0.29999928997474773
199;5.0;LRR_L2;0.43;0.512927887022365;0.29999928997474773
200;10.0;LRR_L2;0.624;0.6573790307843839;0.48656148273990424
201;10.0;LRR_L2;0.642;0.6610487101049889;0.49524284227346693
202;10.0;LRR_L2;0.642;0.661083683407908;0.49531738749565185
203;10.0;LRR_L2;0.624;0.6573790307843839;0.48656148273990424
204;10.0;LRR_L2;0.63;0.6628338602762139;0.49905972649432473
205;10.0;LRR_L2;0.618;0.6525960526742741;0.4793333054147996
206;10.0;LRR_L2;0.638;0.6719261773234103;0.5119222356984285
207;10.0;LRR_L2;0.63;0.6626789176386888;0.4982969208809101
208;10.0;LRR_L2;0.636;0.6715838034595543;0.5123665358817047
209;10.0;LRR_L2;0.624;0.6573790307843838;0.48656148273990424
210;10.0;LRR_L2;0.632;0.6673198920310534;0.5055045523552464
211;10.0;LRR_L2;0.624;0.6572222962117401;0.4858201569355595
212;10.0;LRR_L2;0.632;0.6673198920310532;0.5055045523552464
213;10.0;LRR_L2;0.622;0.6568853253297354;0.48622125121884685
214;10.0;LRR_L2;0.624;0.6573790307843839;0.48656148273990424
215;10.0;LRR_L2;0.654;0.6712671490904518;0.5150238037778899
216;10.0;LRR_L2;0.642;0.6610487101049889;0.49524284227346693
217;10.0;LRR_L2;0.622;0.656714606416539;0.48545557313945514
218;10.0;LRR_L2;0.632;0.6673198920310534;0.5055045523552464
219;10.0;LRR_L2;0.634;0.6670939230560561;0.5059432246529031
220;10.0;LRR_L2;0.624;0.6573790307843839;0.48656148273990424
221;10.0;LRR_L2;0.634;0.6669401322764651;0.5051720048450881
222;10.0;LRR_L2;0.618;0.6525123894589796;0.4789058944945011
223;10.0;LRR_L2;0.642;0.6610487101049891;0.49524284227346693
224;10.0;LRR_L2;0.622;0.6568853253297355;0.48622125121884685
225;10.0;LRR_L2;0.622;0.6568853253297355;0.48622125121884685
226;10.0;LRR_L2;0.622;0.6568853253297354;0.48622125121884685
227;10.0;LRR_L2;0.622;0.6567146064165389;0.48545557313945514
228;10.0;LRR_L2;0.642;0.6610487101049889;0.49524284227346693
229;10.0;LRR_L2;0.63;0.6628338602762138;0.49905972649432473
230;10.0;LRR_L2;0.622;0.6568853253297356;0.48622125121884685
231;10.0;LRR_L2;0.632;0.6673198920310532;0.5055045523552464
232;10.0;LRR_L2;0.636;0.6714174065846843;0.5115639930729495
233;10.0;LRR_L2;0.622;0.6568853253297354;0.48622125121884685
234;10.0;LRR_L2;0.622;0.6568853253297354;0.48622125121884685
235;10.0;LRR_L2;0.622;0.6568853253297354;0.48622125121884685
236;10.0;LRR_L2;0.622;0.6568853253297355;0.48622125121884685
237;10.0;LRR_L2;0.622;0.6568853253297355;0.48622125121884685
238;10.0;LRR_L2;0.634;0.6670939230560561;0.5059432246529031
239;10.0;LRR_L2;0.636;0.6714174065846843;0.5115639930729495
240;10.0;LRR_L2;0.622;0.6568853253297354;0.48622125121884685
241;10.0;LRR_L2;0.622;0.6567146064165391;0.48545557313945514
242;10.0;LRR_L2;0.636;0.6715838034595544;0.5123665358817047
243;10.0;LRR_L2;0.656;0.6757483443411881;0.5213850503796796
244;10.0;LRR_L2;0.636;0.6715838034595544;0.5123665358817047
245;10.0;LRR_L2;0.634;0.6670939230560561;0.5059432246529031
246;10.0;LRR_L2;0.642;0.6610487101049889;0.49524284227346693
247;10.0;LRR_L2;0.622;0.6568853253297358;0.48622125121884685
248;10.0;LRR_L2;0.624;0.6573790307843839;0.48656148273990424
249;10.0;LRR_L2;0.622;0.6568853253297354;0.48622125121884685
250;15.0;LRR_L2;0.368;0.5064358681379778;0.2344241390602824
251;15.0;LRR_L2;0.36;0.5015435957870924;0.23442606144772218
252;15.0;LRR_L2;0.36;0.5015996574259559;0.23153368810151273
253;15.0;LRR_L2;0.36;0.5015435957870923;0.23442606144772218
254;15.0;LRR_L2;0.37;0.5040286023594743;0.2367398730364038
255;15.0;LRR_L2;0.368;0.5064358681379778;0.2344241390602824
256;15.0;LRR_L2;0.36;0.5044805114826024;0.23531094008648257
257;15.0;LRR_L2;0.37;0.5035200629998945;0.23344007531157798
258;15.0;LRR_L2;0.368;0.5030807719670585;0.23332638309034706
259;15.0;LRR_L2;0.37;0.5014005502107459;0.23292536351217613
260;15.0;LRR_L2;0.37;0.5035200629998946;0.23344007531157798
261;15.0;LRR_L2;0.36;0.5017561933927867;0.23144006038350132
262;15.0;LRR_L2;0.36;0.5015435957870923;0.23442606144772218
263;15.0;LRR_L2;0.368;0.5030807719670586;0.23332638309034706
264;15.0;LRR_L2;0.37;0.5014005502107459;0.23292536351217613
265;15.0;LRR_L2;0.362;0.5020402694223666;0.23164434649815974
266;15.0;LRR_L2;0.362;0.5021883756781647;0.2319399338594426
267;15.0;LRR_L2;0.37;0.5014005502107458;0.23292536351217613
268;15.0;LRR_L2;0.37;0.5035200629998945;0.23344007531157798
269;15.0;LRR_L2;0.37;0.5035200629998945;0.23344007531157798
270;15.0;LRR_L2;0.368;0.5030807719670587;0.23332638309034706
271;15.0;LRR_L2;0.37;0.5035200629998945;0.23344007531157798
272;15.0;LRR_L2;0.364;0.5068826010618793;0.23340396768341332
273;15.0;LRR_L2;0.36;0.5015435957870923;0.23442606144772218
274;15.0;LRR_L2;0.36;0.4989095900542063;0.23063304917993466
275;15.0;LRR_L2;0.37;0.5040286023594744;0.2367398730364038
276;15.0;LRR_L2;0.368;0.5032360044850831;0.23323575478509317
277;15.0;LRR_L2;0.366;0.503117068037508;0.23426592055456907
278;15.0;LRR_L2;0.366;0.5035821159546241;0.23607431674869733
279;15.0;LRR_L2;0.36;0.5015996574259559;0.23153368810151273
280;15.0;LRR_L2;0.36;0.5015435957870924;0.23442606144772218
281;15.0;LRR_L2;0.364;0.5051959052564742;0.23602023616080467
282;15.0;LRR_L2;0.364;0.502472509307029;0.2321441694857624
283;15.0;LRR_L2;0.36;0.5049557479673904;0.23263114732802956
284;15.0;LRR_L2;0.372;0.509431888753765;0.23843017182086265
285;15.0;LRR_L2;0.368;0.5034318038768583;0.2360193208782541
286;15.0;LRR_L2;0.37;0.5060934619796573;0.234115974382589
287;15.0;LRR_L2;0.362;0.500647892609666;0.23026240018615965
288;15.0;LRR_L2;0.358;0.5012600668254771;0.2342202201195948
289;15.0;LRR_L2;0.36;0.5015435957870922;0.23442606144772218
290;15.0;LRR_L2;0.37;0.5035200629998946;0.23344007531157798
291;15.0;LRR_L2;0.36;0.49890959005420643;0.23063304917993466
292;15.0;LRR_L2;0.37;0.5040286023594744;0.2367398730364038
293;15.0;LRR_L2;0.37;0.5062401222130462;0.237329750859595
294;15.0;LRR_L2;0.362;0.5020402694223666;0.23164434649815974
295;15.0;LRR_L2;0.36;0.5015435957870923;0.23442606144772218
296;15.0;LRR_L2;0.37;0.5040286023594744;0.2367398730364038
297;15.0;LRR_L2;0.368;0.5008028452881719;0.2322102572817584
298;15.0;LRR_L2;0.364;0.5024725093070291;0.2321441694857624
299;15.0;LRR_L2;0.36;0.5015435957870923;0.23442606144772218
300;5.0;SSC;0.216;0.2613893640413819;0.045835575554247575
301;5.0;SSC;0.216;0.2613893640413819;0.045835575554247575
302;5.0;SSC;0.216;0.2613893640413819;0.045835575554247575
303;5.0;SSC;0.216;0.2613893640413819;0.045835575554247575
304;5.0;SSC;0.216;0.26138936404138197;0.045835575554247575
305;5.0;SSC;0.216;0.2613893640413819;0.045835575554247575
306;5.0;SSC;0.216;0.2613893640413819;0.045835575554247575
307;5.0;SSC;0.216;0.2596224362021672;0.04534537655239997
308;5.0;SSC;0.216;0.2613893640413819;0.045835575554247575
309;5.0;SSC;0.216;0.2613893640413819;0.045835575554247575
310;5.0;SSC;0.216;0.2613893640413819;0.045835575554247575
311;5.0;SSC;0.216;0.2613893640413819;0.045835575554247575
312;5.0;SSC;0.216;0.2613893640413819;0.045835575554247575
313;5.0;SSC;0.216;0.2613893640413819;0.045835575554247575
314;5.0;SSC;0.216;0.25962243620216724;0.04534537655239997
315;5.0;SSC;0.216;0.2613893640413819;0.045835575554247575
316;5.0;SSC;0.216;0.2613893640413819;0.045835575554247575
317;5.0;SSC;0.216;0.26167376341614923;0.04585949165226064
318;5.0;SSC;0.216;0.26067012589641547;0.04499448598040576
319;5.0;SSC;0.216;0.26138936404138197;0.045835575554247575
320;5.0;SSC;0.216;0.2596224362021672;0.04534537655239997
321;5.0;SSC;0.216;0.2609560123353054;0.04501821351512771
322;5.0;SSC;0.216;0.2613893640413819;0.045835575554247575
323;5.0;SSC;0.216;0.2613893640413819;0.045835575554247575
324;5.0;SSC;0.216;0.2613893640413819;0.045835575554247575
325;5.0;SSC;0.216;0.26167376341614923;0.04585949165226064
326;5.0;SSC;0.216;0.26167376341614923;0.04585949165226064
327;5.0;SSC;0.216;0.2613893640413819;0.045835575554247575
328;5.0;SSC;0.216;0.2596224362021672;0.04534537655239997
329;5.0;SSC;0.216;0.2613893640413819;0.045835575554247575
330;5.0;SSC;0.216;0.26167376341614923;0.04585949165226064
331;5.0;SSC;0.216;0.2613893640413819;0.045835575554247575
332;5.0;SSC;0.218;0.2615121840223313;0.04563708503250067
333;5.0;SSC;0.216;0.2613893640413819;0.045835575554247575
334;5.0;SSC;0.216;0.2613893640413819;0.045835575554247575
335;5.0;SSC;0.216;0.2616737634161493;0.04585949165226064
336;5.0;SSC;0.216;0.26138936404138197;0.045835575554247575
337;5.0;SSC;0.216;0.26138936404138186;0.045835575554247575
338;5.0;SSC;0.216;0.2613893640413819;0.045835575554247575
339;5.0;SSC;0.216;0.2596224362021672;0.04534537655239997
340;5.0;SSC;0.216;0.2596224362021672;0.04534537655239997
341;5.0;SSC;0.216;0.26167376341614923;0.04585949165226064
342;5.0;SSC;0.216;0.2613893640413819;0.045835575554247575
343;5.0;SSC;0.216;0.2613893640413819;0.045835575554247575
344;5.0;SSC;0.216;0.25962243620216724;0.04534537655239997
345;5.0;SSC;0.216;0.2613893640413819;0.045835575554247575
346;5.0;SSC;0.216;0.2613893640413819;0.045835575554247575
347;5.0;SSC;0.216;0.26167376341614923;0.04585949165226064
348;5.0;SSC;0.216;0.26167376341614923;0.04585949165226064
349;5.0;SSC;0.216;0.26167376341614923;0.04585949165226064
350;10.0;SSC;0.142;0.04587088921035893;-4.56428670583361e-05
351;10.0;SSC;0.188;0.07781795977223273;0.004602986556282398
352;10.0;SSC;0.182;0.07093097706514488;0.0056567784231841564
353;10.0;SSC;0.182;0.07497049936494149;0.005243352839899675
354;10.0;SSC;0.18;0.08186502202649125;0.005743979502067322
355;10.0;SSC;0.154;0.07596970168605384;0.000763153101599818
356;10.0;SSC;0.158;0.053370016255781444;0.0026768692948621804
357;10.0;SSC;0.164;0.08392201885593052;0.004793691942575272
358;10.0;SSC;0.184;0.08417600954117763;0.010260963394438546
359;10.0;SSC;0.164;0.0790755400800143;0.0017536053613546939
360;10.0;SSC;0.174;0.07065433069501854;0.0015192642681990435
361;10.0;SSC;0.178;0.07970902645972894;0.007037543718545489
362;10.0;SSC;0.174;0.0847237636294168;0.004353726929104884
363;10.0;SSC;0.176;0.08513329339624667;0.0019766145053903925
364;10.0;SSC;0.178;0.08074955645361563;0.006435331920499184
365;10.0;SSC;0.176;0.06849560880170334;0.0018244090597626626
366;10.0;SSC;0.152;0.06251706290282472;0.003075155258945798
367;10.0;SSC;0.152;0.05579610094958207;0.000342758721440901
368;10.0;SSC;0.152;0.06090264221084542;0.0012328358070605341
369;10.0;SSC;0.166;0.07338196452405187;0.0020655608044841374
370;10.0;SSC;0.166;0.0785995390198461;0.0026919538078047462
371;10.0;SSC;0.146;0.07930212889932496;0.0018457187545467772
372;10.0;SSC;0.172;0.0829694756298206;0.005206393436024155
373;10.0;SSC;0.156;0.061396358605074905;0.0006351087439547302
374;10.0;SSC;0.19;0.0841012625695004;0.008208673434410594
375;10.0;SSC;0.176;0.08133181364080212;0.0054637103168173684
376;10.0;SSC;0.166;0.08265437458391255;0.003458538134947189
377;10.0;SSC;0.154;0.06822091949280011;5.071805598438264e-05
378;10.0;SSC;0.18;0.08856106135239127;0.010094222745586292
379;10.0;SSC;0.168;0.06802216268377113;0.005766786394905846
380;10.0;SSC;0.158;0.06308155676695738;0.004145208243116511
381;10.0;SSC;0.168;0.07507517757958786;0.005135474369610101
382;10.0;SSC;0.146;0.07583882062830972;0.0006088601772187474
383;10.0;SSC;0.184;0.08666257899604257;0.009469602781850325
384;10.0;SSC;0.168;0.0638024164524444;0.001580194439930562
385;10.0;SSC;0.176;0.07211894511447348;0.0036599802250171067
386;10.0;SSC;0.156;0.06167198079697886;0.0007651380403681077
387;10.0;SSC;0.204;0.09803848185027332;0.016029201295476147
388;10.0;SSC;0.194;0.09101813714907109;0.01085180827513165
389;10.0;SSC;0.154;0.07639123691215348;0.004282234321333807
390;10.0;SSC;0.174;0.08619291973514216;0.004649932146884052
391;10.0;SSC;0.172;0.0711973294296266;0.002212059031775434
392;10.0;SSC;0.182;0.08111550976341661;0.00727118213359648
393;10.0;SSC;0.178;0.0891258169171264;0.006210373594828365
394;10.0;SSC;0.162;0.0671118564033309;0.005604010122750805
395;10.0;SSC;0.176;0.07895254292639296;0.008011361281709359
396;10.0;SSC;0.188;0.08516966559001322;0.010105892354089685
397;10.0;SSC;0.144;0.055208556825213195;0.001893966555804003
398;10.0;SSC;0.15;0.057687412362150324;0.004525645413057143
399;10.0;SSC;0.168;0.07457314154568202;0.0028303993844503426
400;15.0;SSC;0.188;0.13686723681733212;0.017463896693906404
401;15.0;SSC;0.174;0.15084477298702323;0.013926183529850913
402;15.0;SSC;0.184;0.13765333592534815;0.015562628369069484
403;15.0;SSC;0.176;0.14847288867791175;0.013691525256548166
404;15.0;SSC;0.174;0.11860421851581306;0.01218731648424912
405;15.0;SSC;0.208;0.1447500487467741;0.01935794428650418
406;15.0;SSC;0.158;0.16616086631018567;0.012337883765779151
407;15.0;SSC;0.19;0.1400650985432052;0.01970386646680531
408;15.0;SSC;0.174;0.13906552950704054;0.016376324272549658
409;15.0;SSC;0.178;0.15372538521362203;0.01342612156065678
410;15.0;SSC;0.178;0.12256642340174743;0.015558752005248077
411;15.0;SSC;0.182;0.13567830907442102;0.012823646517104263
412;15.0;SSC;0.204;0.13804422729588267;0.01998834339678389
413;15.0;SSC;0.188;0.13222190301441916;0.017252166535132934
414;15.0;SSC;0.188;0.12200121862894094;0.016786644079030393
415;15.0;SSC;0.182;0.1449516981042255;0.018158809187959934
416;15.0;SSC;0.19;0.1268653726450544;0.015193184249571199
417;15.0;SSC;0.216;0.14458190310716676;0.022771904060447982
418;15.0;SSC;0.194;0.1371411670151368;0.018736199698841733
419;15.0;SSC;0.198;0.13747192331235947;0.014873447050711029
420;15.0;SSC;0.206;0.13352582675883887;0.02127076073737257
421;15.0;SSC;0.172;0.12463126813182686;0.013017607524805035
422;15.0;SSC;0.212;0.13813793943896788;0.01932006044858245
423;15.0;SSC;0.186;0.13247631605561097;0.016771748964144212
424;15.0;SSC;0.178;0.1324666186602098;0.014097836253948151
425;15.0;SSC;0.18;0.1407921472633214;0.014857431433428133
426;15.0;SSC;0.204;0.1430755322183561;0.020893826753466755
427;15.0;SSC;0.192;0.13566438628225383;0.019232180810426238
428;15.0;SSC;0.194;0.1347572408716058;0.014988539034402554
429;15.0;SSC;0.208;0.1433392434601318;0.018697718852273105
430;15.0;SSC;0.2;0.14418061705282492;0.021057730021501072
431;15.0;SSC;0.176;0.13579441382587107;0.013722013261857844
432;15.0;SSC;0.194;0.1394013207441052;0.018057210673785837
433;15.0;SSC;0.192;0.12475871776058307;0.016262934583344536
434;15.0;SSC;0.156;0.15686590994215854;0.011970700623202003
435;15.0;SSC;0.19;0.13539340403510525;0.017267640571137197
436;15.0;SSC;0.204;0.1281394879027244;0.020977212486603995
437;15.0;SSC;0.182;0.13878506223169335;0.01205835618088178
438;15.0;SSC;0.176;0.13515202888485106;0.013111793447690291
439;15.0;SSC;0.186;0.12504424113653242;0.019565686026020664
440;15.0;SSC;0.194;0.1375327023388739;0.01783530685532067
441;15.0;SSC;0.174;0.12095263588669061;0.013081772180769127
442;15.0;SSC;0.192;0.1440653494290059;0.0209986619852065
443;15.0;SSC;0.17;0.13688043808235467;0.013180354765025432
444;15.0;SSC;0.158;0.16134504626561277;0.012274359724975327
445;15.0;SSC;0.176;0.12396171873188745;0.01158619013357029
446;15.0;SSC;0.2;0.13384591312974659;0.021360080214241486
447;15.0;SSC;0.174;0.1322150248833289;0.011577328172961221
448;15.0;SSC;0.19;0.13709611765616353;0.01803108379214382
449;15.0;SSC;0.196;0.12994785633447883;0.019823495296213137
450;5.0;EDSC;0.594;0.7221547522743714;0.50251392643643
451;5.0;EDSC;0.596;0.7222300818619433;0.5021800626406492
452;5.0;EDSC;0.596;0.7222300818619432;0.5021800626406492
453;5.0;EDSC;0.596;0.7249551641836227;0.5079721554173489
454;5.0;EDSC;0.592;0.7234718105040171;0.5056615715600621
455;5.0;EDSC;0.594;0.7221547522743713;0.50251392643643
456;5.0;EDSC;0.598;0.7271377812187055;0.5116119629294088
457;5.0;EDSC;0.594;0.725033201388872;0.5084628212627881
458;5.0;EDSC;0.598;0.7272583393705176;0.5116197321311182
459;5.0;EDSC;0.596;0.7249551641836226;0.5079721554173489
460;5.0;EDSC;0.596;0.7222300818619433;0.5021800626406492
461;5.0;EDSC;0.596;0.7382117715003965;0.5314074762133885
462;5.0;EDSC;0.594;0.7235462536204672;0.5053317928203297
463;5.0;EDSC;0.598;0.7382762529135171;0.5311107394749572
464;5.0;EDSC;0.596;0.7222300818619433;0.5021800626406492
465;5.0;EDSC;0.598;0.7226090263829478;0.5030303933942962
466;5.0;EDSC;0.596;0.7258500084676285;0.5089742849714899
467;5.0;EDSC;0.592;0.723471810504017;0.5056615715600621
468;5.0;EDSC;0.596;0.7222300818619433;0.5021800626406492
469;5.0;EDSC;0.594;0.7221547522743714;0.50251392643643
470;5.0;EDSC;0.596;0.7249551641836225;0.5079721554173489
471;5.0;EDSC;0.596;0.7382117715003966;0.5314074762133885
472;5.0;EDSC;0.598;0.7382762529135171;0.5311107394749572
473;5.0;EDSC;0.596;0.7249551641836226;0.5079721554173489
474;5.0;EDSC;0.594;0.7235462536204672;0.5053317928203297
475;5.0;EDSC;0.596;0.7258500084676284;0.5089742849714899
476;5.0;EDSC;0.598;0.7271377812187056;0.5116119629294088
477;5.0;EDSC;0.596;0.7251065832058731;0.5081365032402894
478;5.0;EDSC;0.594;0.7248816861543486;0.5082988432477908
479;5.0;EDSC;0.596;0.7248349037338323;0.5079614928612819
480;5.0;EDSC;0.596;0.7273381168929761;0.5121042877295159
481;5.0;EDSC;0.596;0.7222300818619433;0.5021800626406492
482;5.0;EDSC;0.592;0.7234718105040171;0.5056615715600621
483;5.0;EDSC;0.596;0.7356862604609479;0.5271629304513037
484;5.0;EDSC;0.594;0.7221547522743714;0.50251392643643
485;5.0;EDSC;0.594;0.7221547522743715;0.50251392643643
486;5.0;EDSC;0.592;0.7234718105040172;0.5056615715600621
487;5.0;EDSC;0.596;0.7222300818619433;0.5021800626406492
488;5.0;EDSC;0.592;0.7234718105040171;0.5056615715600621
489;5.0;EDSC;0.596;0.7356862604609478;0.5271629304513037
490;5.0;EDSC;0.594;0.7221547522743713;0.50251392643643
491;5.0;EDSC;0.596;0.7222300818619433;0.5021800626406492
492;5.0;EDSC;0.596;0.7249551641836225;0.5079721554173489
493;5.0;EDSC;0.596;0.7222300818619432;0.5021800626406492
494;5.0;EDSC;0.598;0.7274099309802875;0.5117824125760734
495;5.0;EDSC;0.598;0.7377683642995894;0.530823209034656
496;5.0;EDSC;0.596;0.7222300818619432;0.5021800626406492
497;5.0;EDSC;0.594;0.7221547522743714;0.50251392643643
498;5.0;EDSC;0.596;0.7271864288357379;0.5119419730446682
499;5.0;EDSC;0.598;0.7253354939050197;0.5088202801125224
500;10.0;EDSC;0.586;0.7429554359544969;0.5326165805955946
501;10.0;EDSC;0.566;0.730013372907702;0.5116541383203882
502;10.0;EDSC;0.57;0.7300868055872523;0.5145354135565616
503;10.0;EDSC;0.57;0.733573417171829;0.5157161394476083
504;10.0;EDSC;0.566;0.7265338566022604;0.5104617289319542
505;10.0;EDSC;0.57;0.7300868055872523;0.5145354135565616
506;10.0;EDSC;0.592;0.7499421565296824;0.5396724804521617
507;10.0;EDSC;0.57;0.7335734171718288;0.5157161394476083
508;10.0;EDSC;0.568;0.7312113247873551;0.5136096616908147
509;10.0;EDSC;0.59;0.7464407809936124;0.5363795739021288
510;10.0;EDSC;0.566;0.7300133729077019;0.5116541383203882
511;10.0;EDSC;0.57;0.7335734171718289;0.5157161394476083
512;10.0;EDSC;0.596;0.7558582685661344;0.5449477593139961
513;10.0;EDSC;0.57;0.7335734171718289;0.5157161394476083
514;10.0;EDSC;0.586;0.7428453554243142;0.5325577425028356
515;10.0;EDSC;0.57;0.7335734171718289;0.5157161394476083
516;10.0;EDSC;0.588;0.735403865949382;0.526179160515695
517;10.0;EDSC;0.586;0.7350643713865566;0.5251278743013508
518;10.0;EDSC;0.586;0.7350643713865566;0.5251278743013508
519;10.0;EDSC;0.588;0.7388332161100939;0.5271812941150722
520;10.0;EDSC;0.588;0.7388332161100938;0.5271812941150722
521;10.0;EDSC;0.566;0.7317832201329074;0.5126457220199306
522;10.0;EDSC;0.57;0.7335734171718289;0.5157161394476083
523;10.0;EDSC;0.578;0.730463343024152;0.513892330513492
524;10.0;EDSC;0.57;0.7335734171718289;0.5157161394476083
525;10.0;EDSC;0.592;0.7487755893695566;0.5400968827547111
526;10.0;EDSC;0.562;0.7289592822600199;0.5095256036830982
527;10.0;EDSC;0.57;0.7335734171718289;0.5157161394476083
528;10.0;EDSC;0.57;0.7335734171718288;0.5157161394476083
529;10.0;EDSC;0.568;0.7312113247873552;0.5136096616908147
530;10.0;EDSC;0.586;0.736689063865126;0.525601801548855
531;10.0;EDSC;0.584;0.7332640522943475;0.522447452801209
532;10.0;EDSC;0.578;0.7338663156064872;0.5202297538615049
533;10.0;EDSC;0.566;0.730013372907702;0.5116541383203882
534;10.0;EDSC;0.592;0.7453277618186407;0.5379731173529604
535;10.0;EDSC;0.596;0.7558582685661344;0.5449477593139961
536;10.0;EDSC;0.582;0.7352543146072864;0.5230243377438272
537;10.0;EDSC;0.568;0.7279937523560169;0.5114210467562257
538;10.0;EDSC;0.57;0.7335734171718289;0.5157161394476083
539;10.0;EDSC;0.568;0.7277309015773802;0.5124182440497483
540;10.0;EDSC;0.582;0.7369859945300392;0.5275759975212586
541;10.0;EDSC;0.588;0.7388332161100938;0.5271812941150722
542;10.0;EDSC;0.586;0.7428453554243144;0.5325577425028356
543;10.0;EDSC;0.566;0.7265338566022604;0.5104617289319542
544;10.0;EDSC;0.588;0.7388332161100939;0.5271812941150722
545;10.0;EDSC;0.596;0.7523878007813841;0.5438281855078438
546;10.0;EDSC;0.57;0.7335734171718289;0.5157161394476083
547;10.0;EDSC;0.572;0.7264331538718791;0.5070486824424112
548;10.0;EDSC;0.568;0.7279937523560169;0.5114210467562257
549;10.0;EDSC;0.584;0.7428574241031666;0.5322701470706662
550;15.0;EDSC;0.566;0.7421759771634455;0.5321890329839839
551;15.0;EDSC;0.506;0.6979045873923171;0.47598319036626496
552;15.0;EDSC;0.568;0.7418230108620238;0.5308696781087467
553;15.0;EDSC;0.564;0.7368843270848663;0.5231654040250352
554;15.0;EDSC;0.526;0.716778529134495;0.49305088993991925
555;15.0;EDSC;0.508;0.7093735159749768;0.47868829121168893
556;15.0;EDSC;0.568;0.7402773547728163;0.5284790610888925
557;15.0;EDSC;0.568;0.7418230108620238;0.5308696781087467
558;15.0;EDSC;0.566;0.7401449851694339;0.527975541456568
559;15.0;EDSC;0.522;0.7133605303722793;0.48695065292578177
560;15.0;EDSC;0.558;0.7351562712374364;0.5190626151207445
561;15.0;EDSC;0.516;0.7123107517602753;0.4846039269476731
562;15.0;EDSC;0.566;0.7385969145116501;0.5255924272547703
563;15.0;EDSC;0.5;0.7014711041366035;0.4658844120200647
564;15.0;EDSC;0.568;0.7461904154885549;0.5334628436857088
565;15.0;EDSC;0.542;0.7250104191227996;0.4995297609074229
566;15.0;EDSC;0.568;0.741823010862024;0.5308696781087467
567;15.0;EDSC;0.53;0.7201274483612761;0.489284853416553
568;15.0;EDSC;0.56;0.7357843747429074;0.5219792169130291
569;15.0;EDSC;0.566;0.7401449851694339;0.527975541456568
570;15.0;EDSC;0.532;0.7193824662332521;0.4970291294290192
571;15.0;EDSC;0.568;0.741823010862024;0.5308696781087467
572;15.0;EDSC;0.534;0.720765696612221;0.49958150629864473
573;15.0;EDSC;0.522;0.7124705144309559;0.48524813735174416
574;15.0;EDSC;0.568;0.7388602600559383;0.5262263314140869
575;15.0;EDSC;0.468;0.6874922851992964;0.43912631562625226
576;15.0;EDSC;0.526;0.7218885184571733;0.48944564075267877
577;15.0;EDSC;0.51;0.7084067008083371;0.47730877673311395
578;15.0;EDSC;0.566;0.7430544466174368;0.5284451363577485
579;15.0;EDSC;0.516;0.712310751760275;0.4846039269476731
580;15.0;EDSC;0.566;0.7387420866355888;0.526441688134927
581;15.0;EDSC;0.554;0.7298972002263636;0.5100259029833354
582;15.0;EDSC;0.512;0.7009970323141326;0.4698626114431408
583;15.0;EDSC;0.568;0.741823010862024;0.5308696781087467
584;15.0;EDSC;0.566;0.7401449851694339;0.527975541456568
585;15.0;EDSC;0.51;0.7097692368551082;0.47925439080121274
586;15.0;EDSC;0.51;0.708406700808337;0.47730877673311395
587;15.0;EDSC;0.534;0.7207825765908109;0.49964204951832103
588;15.0;EDSC;0.534;0.7242810643195798;0.5002911090738472
589;15.0;EDSC;0.508;0.6961280667133901;0.46647324577122645
590;15.0;EDSC;0.512;0.7009970323141322;0.4698626114431408
591;15.0;EDSC;0.53;0.7229461438661803;0.4917383884521975
592;15.0;EDSC;0.518;0.6990063980177795;0.47221678245059256
593;15.0;EDSC;0.506;0.6934157568944175;0.4707250502584896
594;15.0;EDSC;0.568;0.7418230108620238;0.5308696781087467
595;15.0;EDSC;0.506;0.7062254914918827;0.474097169932899
596;15.0;EDSC;0.568;0.741823010862024;0.5308696781087467
597;15.0;EDSC;0.57;0.746697309095221;0.5342131901090651
598;15.0;EDSC;0.57;0.7466973090952208;0.5342131901090651
599;15.0;EDSC;0.564;0.7398484413884814;0.5277660561004758
600;5.0;ENSC;0.462;0.7468744174859173;0.46407912093976933
601;5.0;ENSC;0.462;0.7468744174859173;0.46407912093976933
602;5.0;ENSC;0.462;0.7468744174859174;0.46407912093976933
603;5.0;ENSC;0.462;0.7468744174859174;0.46407912093976933
604;5.0;ENSC;0.464;0.7470774224307213;0.4644308412366055
605;5.0;ENSC;0.462;0.7468744174859173;0.46407912093976933
606;5.0;ENSC;0.464;0.7470774224307212;0.4644308412366055
607;5.0;ENSC;0.462;0.7468744174859172;0.46407912093976933
608;5.0;ENSC;0.462;0.7468744174859173;0.46407912093976933
609;5.0;ENSC;0.462;0.7468744174859174;0.46407912093976933
610;5.0;ENSC;0.462;0.7468744174859173;0.46407912093976933
611;5.0;ENSC;0.462;0.7468744174859173;0.46407912093976933
612;5.0;ENSC;0.462;0.7468744174859173;0.46407912093976933
613;5.0;ENSC;0.462;0.7468744174859173;0.46407912093976933
614;5.0;ENSC;0.462;0.7468744174859174;0.46407912093976933
615;5.0;ENSC;0.462;0.7468744174859174;0.46407912093976933
616;5.0;ENSC;0.462;0.7468744174859173;0.46407912093976933
617;5.0;ENSC;0.462;0.7468744174859173;0.46407912093976933
618;5.0;ENSC;0.464;0.7470774224307211;0.4644308412366055
619;5.0;ENSC;0.464;0.7470774224307212;0.4644308412366055
620;5.0;ENSC;0.462;0.7468744174859173;0.46407912093976933
621;5.0;ENSC;0.462;0.7468744174859173;0.46407912093976933
622;5.0;ENSC;0.462;0.7468744174859174;0.46407912093976933
623;5.0;ENSC;0.462;0.7468744174859173;0.46407912093976933
624;5.0;ENSC;0.462;0.7468744174859173;0.46407912093976933
625;5.0;ENSC;0.462;0.7468744174859172;0.46407912093976933
626;5.0;ENSC;0.462;0.7468744174859174;0.46407912093976933
627;5.0;ENSC;0.462;0.7468744174859174;0.46407912093976933
628;5.0;ENSC;0.462;0.7468744174859173;0.46407912093976933
629;5.0;ENSC;0.462;0.7468744174859173;0.46407912093976933
630;5.0;ENSC;0.464;0.7470774224307212;0.4644308412366055
631;5.0;ENSC;0.462;0.7468744174859174;0.46407912093976933
632;5.0;ENSC;0.462;0.7468744174859172;0.46407912093976933
633;5.0;ENSC;0.462;0.7468744174859174;0.46407912093976933
634;5.0;ENSC;0.462;0.7468744174859172;0.46407912093976933
635;5.0;ENSC;0.462;0.7468744174859174;0.46407912093976933
636;5.0;ENSC;0.462;0.7468744174859174;0.46407912093976933
637;5.0;ENSC;0.464;0.7470774224307212;0.4644308412366055
638;5.0;ENSC;0.462;0.7468744174859172;0.46407912093976933
639;5.0;ENSC;0.462;0.7468744174859174;0.46407912093976933
640;5.0;ENSC;0.462;0.7468744174859174;0.46407912093976933
641;5.0;ENSC;0.462;0.7468744174859174;0.46407912093976933
642;5.0;ENSC;0.462;0.7468744174859173;0.46407912093976933
643;5.0;ENSC;0.462;0.7468744174859173;0.46407912093976933
644;5.0;ENSC;0.462;0.7468744174859173;0.46407912093976933
645;5.0;ENSC;0.462;0.7468744174859173;0.46407912093976933
646;5.0;ENSC;0.464;0.7470774224307212;0.4644308412366055
647;5.0;ENSC;0.462;0.7468744174859174;0.46407912093976933
648;5.0;ENSC;0.462;0.7468744174859173;0.46407912093976933
649;5.0;ENSC;0.462;0.7468744174859172;0.46407912093976933
650;10.0;ENSC;0.418;0.6532652052581257;0.3632430164543707
651;10.0;ENSC;0.418;0.6532652052581256;0.3632430164543707
652;10.0;ENSC;0.418;0.6532652052581258;0.3632430164543707
653;10.0;ENSC;0.418;0.6532652052581258;0.3632430164543707
654;10.0;ENSC;0.418;0.6532034392343296;0.3631581171669165
655;10.0;ENSC;0.418;0.6532652052581258;0.3632430164543707
656;10.0;ENSC;0.418;0.6532652052581258;0.3632430164543707
657;10.0;ENSC;0.418;0.6532652052581257;0.3632430164543707
658;10.0;ENSC;0.418;0.6532652052581257;0.3632430164543707
659;10.0;ENSC;0.418;0.6532652052581258;0.3632430164543707
660;10.0;ENSC;0.418;0.6532652052581258;0.3632430164543707
661;10.0;ENSC;0.418;0.6532652052581257;0.3632430164543707
662;10.0;ENSC;0.418;0.6532652052581257;0.3632430164543707
663;10.0;ENSC;0.418;0.6532652052581258;0.3632430164543707
664;10.0;ENSC;0.418;0.6532652052581257;0.3632430164543707
665;10.0;ENSC;0.418;0.6532652052581257;0.3632430164543707
666;10.0;ENSC;0.418;0.6532034392343294;0.3631581171669165
667;10.0;ENSC;0.418;0.6532652052581258;0.3632430164543707
668;10.0;ENSC;0.418;0.6532652052581257;0.3632430164543707
669;10.0;ENSC;0.418;0.6532652052581258;0.3632430164543707
670;10.0;ENSC;0.418;0.6532652052581258;0.3632430164543707
671;10.0;ENSC;0.418;0.6532652052581256;0.3632430164543707
672;10.0;ENSC;0.418;0.6532652052581256;0.3632430164543707
673;10.0;ENSC;0.418;0.6532652052581257;0.3632430164543707
674;10.0;ENSC;0.418;0.6532652052581257;0.3632430164543707
675;10.0;ENSC;0.418;0.6532652052581257;0.3632430164543707
676;10.0;ENSC;0.418;0.6532652052581258;0.3632430164543707
677;10.0;ENSC;0.418;0.6532652052581259;0.3632430164543707
678;10.0;ENSC;0.418;0.6532652052581257;0.3632430164543707
679;10.0;ENSC;0.418;0.6532652052581257;0.3632430164543707
680;10.0;ENSC;0.418;0.6532652052581257;0.3632430164543707
681;10.0;ENSC;0.418;0.6532652052581257;0.3632430164543707
682;10.0;ENSC;0.418;0.6532652052581258;0.3632430164543707
683;10.0;ENSC;0.418;0.6532652052581257;0.3632430164543707
684;10.0;ENSC;0.418;0.6532034392343296;0.3631581171669165
685;10.0;ENSC;0.418;0.6532652052581257;0.3632430164543707
686;10.0;ENSC;0.418;0.6532652052581257;0.3632430164543707
687;10.0;ENSC;0.418;0.6532652052581257;0.3632430164543707
688;10.0;ENSC;0.418;0.6532652052581256;0.3632430164543707
689;10.0;ENSC;0.418;0.6532652052581257;0.3632430164543707
690;10.0;ENSC;0.418;0.6532652052581257;0.3632430164543707
691;10.0;ENSC;0.418;0.6532652052581257;0.3632430164543707
692;10.0;ENSC;0.418;0.6532652052581256;0.3632430164543707
693;10.0;ENSC;0.418;0.6532652052581258;0.3632430164543707
694;10.0;ENSC;0.418;0.651846956359086;0.36286495568985
695;10.0;ENSC;0.418;0.6532652052581259;0.3632430164543707
696;10.0;ENSC;0.418;0.6532652052581257;0.3632430164543707
697;10.0;ENSC;0.418;0.6532652052581258;0.3632430164543707
698;10.0;ENSC;0.418;0.6532652052581257;0.3632430164543707
699;10.0;ENSC;0.418;0.6532652052581258;0.3632430164543707
700;15.0;ENSC;0.38;0.6050541009796935;0.3259913627576222
701;15.0;ENSC;0.38;0.6088753818580198;0.3268304419929715
702;15.0;ENSC;0.38;0.6088753818580198;0.3268304419929715
703;15.0;ENSC;0.38;0.6088753818580198;0.3268304419929715
704;15.0;ENSC;0.38;0.6088753818580198;0.3268304419929715
705;15.0;ENSC;0.38;0.6085183604656008;0.326206528436127
706;15.0;ENSC;0.378;0.6045647822471233;0.32499847972858636
707;15.0;ENSC;0.38;0.6088753818580198;0.3268304419929715
708;15.0;ENSC;0.38;0.6050541009796935;0.3259913627576222
709;15.0;ENSC;0.378;0.6045647822471235;0.32499847972858636
710;15.0;ENSC;0.38;0.6085183604656008;0.326206528436127
711;15.0;ENSC;0.378;0.6045647822471234;0.32499847972858636
712;15.0;ENSC;0.38;0.6088753818580198;0.3268304419929715
713;15.0;ENSC;0.38;0.6088753818580198;0.3268304419929715
714;15.0;ENSC;0.38;0.6088753818580198;0.3268304419929715
715;15.0;ENSC;0.38;0.6088753818580198;0.3268304419929715
716;15.0;ENSC;0.38;0.6088753818580197;0.3268304419929715
717;15.0;ENSC;0.378;0.6045647822471234;0.32499847972858636
718;15.0;ENSC;0.38;0.6085183604656008;0.326206528436127
719;15.0;ENSC;0.38;0.6050541009796935;0.3259913627576222
720;15.0;ENSC;0.378;0.6045647822471234;0.32499847972858636
721;15.0;ENSC;0.38;0.60887538185802;0.3268304419929715
722;15.0;ENSC;0.38;0.60887538185802;0.3268304419929715
723;15.0;ENSC;0.38;0.6088753818580198;0.3268304419929715
724;15.0;ENSC;0.38;0.6088753818580198;0.3268304419929715
725;15.0;ENSC;0.38;0.6088753818580198;0.3268304419929715
726;15.0;ENSC;0.378;0.6045647822471233;0.32499847972858636
727;15.0;ENSC;0.382;0.5886560772165703;0.307898933020664
728;15.0;ENSC;0.38;0.6088753818580198;0.3268304419929715
729;15.0;ENSC;0.378;0.6045647822471233;0.32499847972858636
730;15.0;ENSC;0.38;0.6088753818580197;0.3268304419929715
731;15.0;ENSC;0.38;0.6085183604656008;0.326206528436127
732;15.0;ENSC;0.38;0.6088753818580198;0.3268304419929715
733;15.0;ENSC;0.38;0.6088753818580198;0.3268304419929715
734;15.0;ENSC;0.378;0.6045647822471234;0.32499847972858636
735;15.0;ENSC;0.38;0.6088753818580198;0.3268304419929715
736;15.0;ENSC;0.396;0.5949064130163226;0.309352326854945
737;15.0;ENSC;0.378;0.6045647822471234;0.32499847972858636
738;15.0;ENSC;0.38;0.6088753818580198;0.3268304419929715
739;15.0;ENSC;0.392;0.6068025135735661;0.32228109064130717
740;15.0;ENSC;0.38;0.6088753818580198;0.3268304419929715
741;15.0;ENSC;0.378;0.6007888759621762;0.32418047872406003
742;15.0;ENSC;0.378;0.6045647822471233;0.32499847972858636
743;15.0;ENSC;0.38;0.6085183604656008;0.326206528436127
744;15.0;ENSC;0.396;0.5949064130163226;0.309352326854945
745;15.0;ENSC;0.38;0.6088753818580198;0.3268304419929715
746;15.0;ENSC;0.38;0.6085183604656008;0.326206528436127
747;15.0;ENSC;0.38;0.6088753818580198;0.3268304419929715
748;15.0;ENSC;0.378;0.6045647822471234;0.32499847972858636
749;15.0;ENSC;0.378;0.6045647822471234;0.32499847972858636
750;5.0;DSC_Net;0.34;0.39664966508606947;0.1940822280612892
751;5.0;DSC_Net;0.308;0.3506521400854864;0.1463985688381924
752;5.0;DSC_Net;0.298;0.3777038079537225;0.16657477574055116
753;5.0;DSC_Net;0.324;0.34702096402136895;0.15040567687407624
754;5.0;DSC_Net;0.3;0.33731486116091053;0.13599528485382487
755;5.0;DSC_Net;0.312;0.33159993630365603;0.14890961523835033
756;5.0;DSC_Net;0.362;0.35923816813031423;0.1774156844582785
757;5.0;DSC_Net;0.298;0.3455424600062611;0.1428897251429544
758;5.0;DSC_Net;0.344;0.39114264948140104;0.1857740563567071
759;5.0;DSC_Net;0.394;0.4233376988089424;0.22173733550010977
760;5.0;DSC_Net;0.364;0.3730110493450434;0.17560509901632498
761;5.0;DSC_Net;0.334;0.3331243244206668;0.169598971429364
762;5.0;DSC_Net;0.298;0.3731801728912119;0.14868020536651955
763;5.0;DSC_Net;0.326;0.3537518507619049;0.1511504446917902
764;5.0;DSC_Net;0.37;0.42037407122974724;0.20949545328933858
765;5.0;DSC_Net;0.336;0.3550371795502196;0.15885762299893294
766;5.0;DSC_Net;0.356;0.3717762625491676;0.18810332206341177
767;5.0;DSC_Net;0.372;0.40179299392943235;0.21379435220370638
768;5.0;DSC_Net;0.302;0.3268725924789588;0.11305838591238995
769;5.0;DSC_Net;0.3;0.3278357953607734;0.12216588561388647
770;5.0;DSC_Net;0.33;0.3794383556320236;0.1572151713362858
771;5.0;DSC_Net;0.262;0.3471151009650972;0.132566363900714
772;5.0;DSC_Net;0.364;0.39188077122273557;0.20474718271964476
773;5.0;DSC_Net;0.284;0.33906811055202174;0.1446514664250026
774;5.0;DSC_Net;0.316;0.3211721386989348;0.15121810181509363
775;5.0;DSC_Net;0.396;0.3917877546985946;0.20649546891980378
776;5.0;DSC_Net;0.268;0.29327468443224575;0.10673599829122819
777;5.0;DSC_Net;0.284;0.3635493187031421;0.1732758171057597
778;5.0;DSC_Net;0.346;0.3703484005666896;0.17240036649005225
779;5.0;DSC_Net;0.332;0.3519838135998763;0.14703554371385127
780;5.0;DSC_Net;0.288;0.3594558472125857;0.15618258838456453
781;5.0;DSC_Net;0.324;0.33884338556520927;0.13497711384423428
782;5.0;DSC_Net;0.332;0.3773550101191267;0.17397835264078662
783;5.0;DSC_Net;0.34;0.4055617577445371;0.18917833332674014
784;5.0;DSC_Net;0.29;0.3137976641284381;0.11209103320912922
785;5.0;DSC_Net;0.374;0.3675609410136371;0.1847741427220389
786;5.0;DSC_Net;0.296;0.3182319545851214;0.14698006991554344
787;5.0;DSC_Net;0.322;0.37863904464655573;0.1545008627365697
788;5.0;DSC_Net;0.376;0.3805423464000283;0.17824864710754654
789;5.0;DSC_Net;0.306;0.34134273202221027;0.159791121678703
790;5.0;DSC_Net;0.26;0.31884441132392616;0.12843146947634046
791;5.0;DSC_Net;0.286;0.36476107275334274;0.1543815820160847
792;5.0;DSC_Net;0.316;0.3278240962277334;0.14423133935125812
793;5.0;DSC_Net;0.306;0.36305229004549144;0.1665921055159594
794;5.0;DSC_Net;0.314;0.33219666003016823;0.14530395287088438
795;5.0;DSC_Net;0.294;0.3531840418138938;0.14282592272125974
796;5.0;DSC_Net;0.304;0.3392493235665751;0.17117383014643697
797;5.0;DSC_Net;0.296;0.34995616352500947;0.14537740242616565
798;5.0;DSC_Net;0.308;0.352954211841415;0.14604881960913502
799;5.0;DSC_Net;0.274;0.35293497778291694;0.14427708233057218
800;10.0;DSC_Net;0.306;0.29854966860653254;0.12635869072915618
801;10.0;DSC_Net;0.32;0.32312429734202325;0.12291196909439153
802;10.0;DSC_Net;0.3;0.3269489214119893;0.16294202586869028
803;10.0;DSC_Net;0.306;0.33841250507042586;0.1524453430784767
804;10.0;DSC_Net;0.312;0.30699231832350315;0.1304531018158668
805;10.0;DSC_Net;0.336;0.34108005560761134;0.15319456582794175
806;10.0;DSC_Net;0.264;0.29324915730186835;0.11361691127085825
807;10.0;DSC_Net;0.372;0.4219372145265091;0.2139569946136344
808;10.0;DSC_Net;0.28;0.29364248047301167;0.10907419072124024
809;10.0;DSC_Net;0.282;0.2971736002897863;0.09908431415879795
810;10.0;DSC_Net;0.318;0.33557647956168973;0.1399044996688857
811;10.0;DSC_Net;0.284;0.2970618947252685;0.10288450898604035
812;10.0;DSC_Net;0.304;0.3039317797891069;0.1259437716914529
813;10.0;DSC_Net;0.29;0.35237805190960236;0.1357158286221578
814;10.0;DSC_Net;0.334;0.36850699819444915;0.17364592959399666
815;10.0;DSC_Net;0.316;0.3561881187694285;0.14317800347231852
816;10.0;DSC_Net;0.31;0.4148338086940592;0.18677956392994838
817;10.0;DSC_Net;0.336;0.36713812680148217;0.17135522728492109
818;10.0;DSC_Net;0.28;0.34540040563761015;0.1437948734279728
819;10.0;DSC_Net;0.292;0.2932657204614357;0.12007610464185633
820;10.0;DSC_Net;0.322;0.3244390231946072;0.13598539618276462
821;10.0;DSC_Net;0.352;0.34611972986534506;0.16196356093048045
822;10.0;DSC_Net;0.31;0.3056360520957933;0.12047071437611362
823;10.0;DSC_Net;0.328;0.3253062367660203;0.12418519806389065
824;10.0;DSC_Net;0.286;0.3323729055263214;0.11898373835827837
825;10.0;DSC_Net;0.3;0.359412876603932;0.16627453075017867
826;10.0;DSC_Net;0.336;0.34372563494800473;0.1570088131729458
827;10.0;DSC_Net;0.288;0.3145605433777558;0.1453657073349506
828;10.0;DSC_Net;0.296;0.3008466011427344;0.12328256750209211
829;10.0;DSC_Net;0.282;0.3380353014489639;0.16011788245577824
830;10.0;DSC_Net;0.328;0.380299214375982;0.1739179229795214
831;10.0;DSC_Net;0.296;0.3387644672784165;0.15775313187870357
832;10.0;DSC_Net;0.332;0.32063760933840624;0.16109800887070203
833;10.0;DSC_Net;0.296;0.29856342769104227;0.1131509469661687
834;10.0;DSC_Net;0.252;0.26354312627434956;0.09645009614820176
835;10.0;DSC_Net;0.382;0.380176053558337;0.1932999569657273
836;10.0;DSC_Net;0.294;0.3003437569785334;0.15422067628947844
837;10.0;DSC_Net;0.328;0.33340783464512236;0.1466437661917473
838;10.0;DSC_Net;0.316;0.30752413618691726;0.13088276271675023
839;10.0;DSC_Net;0.33;0.3613197347323781;0.17646173571263427
840;10.0;DSC_Net;0.32;0.3211131596928558;0.14591324152580235
841;10.0;DSC_Net;0.372;0.42949256223651866;0.21829202333840675
842;10.0;DSC_Net;0.28;0.3264700155934027;0.13773792585174213
843;10.0;DSC_Net;0.34;0.3514478983886542;0.17631221986637852
844;10.0;DSC_Net;0.334;0.3613152087112889;0.16696038145250366
845;10.0;DSC_Net;0.282;0.3202603491073477;0.12130260557106101
846;10.0;DSC_Net;0.252;0.2917783950517057;0.1263788901642019
847;10.0;DSC_Net;0.36;0.3636982874958197;0.1748816196986617
848;10.0;DSC_Net;0.276;0.2945474114252432;0.1072324773013321
849;10.0;DSC_Net;0.306;0.34798441602908486;0.13161740162615998
850;15.0;DSC_Net;0.334;0.3727293304941658;0.19585676499665872
851;15.0;DSC_Net;0.346;0.37631315416354016;0.18688499616900625
852;15.0;DSC_Net;0.336;0.3208067675662493;0.14310102955172213
853;15.0;DSC_Net;0.328;0.33003951231368345;0.14425053436118127
854;15.0;DSC_Net;0.368;0.38187990415726936;0.1882840656739116
855;15.0;DSC_Net;0.316;0.34251138257827396;0.16182142203933023
856;15.0;DSC_Net;0.342;0.36429766933344365;0.17278380018390396
857;15.0;DSC_Net;0.306;0.31290039677716486;0.14083258392893555
858;15.0;DSC_Net;0.314;0.29364726535647;0.1235901135709464
859;15.0;DSC_Net;0.334;0.35630998091198046;0.1800710163133281
860;15.0;DSC_Net;0.354;0.35419364170229894;0.16060373506071843
861;15.0;DSC_Net;0.362;0.36384447502800954;0.16930086744597345
862;15.0;DSC_Net;0.33;0.3510503369851828;0.15767832252480274
863;15.0;DSC_Net;0.366;0.37100742056966596;0.1865505868967963
864;15.0;DSC_Net;0.36;0.3824676771173767;0.19546931097214068
865;15.0;DSC_Net;0.32;0.3305166643113115;0.1403248718049679
866;15.0;DSC_Net;0.394;0.3937878183307039;0.19500608288435853
867;15.0;DSC_Net;0.434;0.42741036755305495;0.21639318817414632
868;15.0;DSC_Net;0.346;0.35747433016422253;0.1630163307426192
869;15.0;DSC_Net;0.37;0.38356281901734784;0.19707356738384194
870;15.0;DSC_Net;0.294;0.293804884808398;0.12134664394762935
871;15.0;DSC_Net;0.328;0.33796141568713384;0.1469243182307857
872;15.0;DSC_Net;0.3;0.31081960988831786;0.13532867588398012
873;15.0;DSC_Net;0.364;0.37395887419144996;0.17272463485597578
874;15.0;DSC_Net;0.348;0.34458342889242666;0.16709237335141947
875;15.0;DSC_Net;0.338;0.37495245166968566;0.183677147586126
876;15.0;DSC_Net;0.396;0.396536030057501;0.20306101852540642
877;15.0;DSC_Net;0.382;0.3679418361087507;0.1599878533966263
878;15.0;DSC_Net;0.326;0.3738370433859947;0.1742869316795836
879;15.0;DSC_Net;0.328;0.33248347129848554;0.15531745912644593
880;15.0;DSC_Net;0.324;0.35034150404405917;0.1724486222316769
881;15.0;DSC_Net;0.394;0.39158229569908215;0.20150804917818457
882;15.0;DSC_Net;0.356;0.3971659450477495;0.2133416533700642
883;15.0;DSC_Net;0.364;0.37008273605174935;0.18298991001828951
884;15.0;DSC_Net;0.328;0.40365087015352963;0.16905028664334942
885;15.0;DSC_Net;0.322;0.3704834702399574;0.17482910467529042
886;15.0;DSC_Net;0.364;0.38711638234507134;0.1896872497232091
887;15.0;DSC_Net;0.34;0.34784028443058573;0.16056945355264593
888;15.0;DSC_Net;0.366;0.3314781645286278;0.15991175461811366
889;15.0;DSC_Net;0.352;0.3919881757421196;0.19423293506631834
890;15.0;DSC_Net;0.39;0.4128375080098694;0.2227059185861653
891;15.0;DSC_Net;0.312;0.37720794495904647;0.17503196777948857
892;15.0;DSC_Net;0.376;0.3943843744053673;0.20636277411644982
893;15.0;DSC_Net;0.304;0.35818115071532336;0.14868697735680664
894;15.0;DSC_Net;0.366;0.35170655675171497;0.15706173867966894
895;15.0;DSC_Net;0.28;0.26519177825513474;0.0962180076138786
896;15.0;DSC_Net;0.326;0.3749854842348669;0.1449207649913634
897;15.0;DSC_Net;0.344;0.3476541857892413;0.16717088908179947
898;15.0;DSC_Net;0.326;0.37758371118054634;0.14049834959792804
899;15.0;DSC_Net;0.298;0.26744487913214937;0.12105388408601479
900;5.0;DASC;0.562;0.6734883490911965;0.42759066846544064
901;5.0;DASC;0.574;0.6496221628364275;0.4234848672062791
902;5.0;DASC;0.552;0.7037915928742342;0.47296733556822046
903;5.0;DASC;0.634;0.683814620111961;0.4722365952797556
904;5.0;DASC;0.594;0.7169704884603061;0.4940438562413315
905;5.0;DASC;0.614;0.7188267997715416;0.5220799221458956
906;5.0;DASC;0.634;0.7319369766331353;0.5271384198425881
907;5.0;DASC;0.674;0.7257343152907886;0.5431496679914936
908;5.0;DASC;0.684;0.7504437432917817;0.5782487662316809
909;5.0;DASC;0.502;0.5913861870192648;0.34228833312727247
910;5.0;DASC;0.588;0.7058667042564548;0.4679743917989407
911;5.0;DASC;0.528;0.7097531798389874;0.47097285482886886
912;5.0;DASC;0.59;0.7198156397551645;0.5199052770594051
913;5.0;DASC;0.568;0.6995166752462054;0.4861416545880301
914;5.0;DASC;0.684;0.7371095285385727;0.5620619842658353
915;5.0;DASC;0.68;0.6805145600972976;0.4920018483622874
916;5.0;DASC;0.57;0.6575162828611039;0.4281474926852558
917;5.0;DASC;0.524;0.6379911405736166;0.4044022187169351
918;5.0;DASC;0.614;0.7023453244005976;0.472339112857977
919;5.0;DASC;0.604;0.7238224507029232;0.5063465698521437
920;5.0;DASC;0.562;0.6645732278581795;0.43410930363537026
921;5.0;DASC;0.662;0.7584990851709191;0.5863813900773681
922;5.0;DASC;0.61;0.6595918093174907;0.4381902186775921
923;5.0;DASC;0.522;0.7059986143384066;0.48114763709245695
924;5.0;DASC;0.57;0.6504756885321377;0.4313661041104991
925;5.0;DASC;0.536;0.6494078487518931;0.4145316233267567
926;5.0;DASC;0.608;0.7183656994326301;0.5358660319508985
927;5.0;DASC;0.522;0.6331129403746975;0.3953674728602046
928;5.0;DASC;0.526;0.629074035550975;0.38046071182143204
929;5.0;DASC;0.7;0.7563186588482801;0.5765837815654654
930;5.0;DASC;0.574;0.7018978100477974;0.46933636790871597
931;5.0;DASC;0.654;0.7449785896556508;0.5506961337749845
932;5.0;DASC;0.54;0.6766006793187029;0.4332701749072603
933;5.0;DASC;0.642;0.7025805373040204;0.4907919525963613
934;5.0;DASC;0.628;0.6617848487917785;0.4403644290988823
935;5.0;DASC;0.634;0.7043713101526129;0.5081644687780718
936;5.0;DASC;0.622;0.6952373187786879;0.4859769209685392
937;5.0;DASC;0.542;0.6393111973626384;0.40842786628094613
938;5.0;DASC;0.594;0.6746770110365654;0.45038723440140815
939;5.0;DASC;0.578;0.7267204247492571;0.4882870769004545
940;5.0;DASC;0.574;0.681651516747937;0.4445853138979638
941;5.0;DASC;0.622;0.6908596255359527;0.4668589207661053
942;5.0;DASC;0.552;0.6801014037832865;0.42880409436227396
943;5.0;DASC;0.616;0.6918576992753361;0.49620720421066705
944;5.0;DASC;0.518;0.6209281855146771;0.38702363551606567
945;5.0;DASC;0.612;0.7359304520300564;0.5344437485268322
946;5.0;DASC;0.544;0.6579786483618155;0.43425108480731145
947;5.0;DASC;0.6;0.7217395486469019;0.5158278146025227
948;5.0;DASC;0.614;0.7111952716389196;0.5134162629385047
949;5.0;DASC;0.566;0.6787805744468897;0.4582558036107644
950;10.0;DASC;0.618;0.6888762264195003;0.4808552033773162
951;10.0;DASC;0.532;0.692119229469244;0.4442501109575626
952;10.0;DASC;0.644;0.7375437690017623;0.5475341422196369
953;10.0;DASC;0.666;0.7181733258867837;0.541829566225786
954;10.0;DASC;0.612;0.6717904036320006;0.4435190471634826
955;10.0;DASC;0.598;0.7376376389241364;0.531098508908003
956;10.0;DASC;0.6;0.7166732168071688;0.5188436605154982
957;10.0;DASC;0.594;0.6697673668542395;0.4472147181819907
958;10.0;DASC;0.616;0.6944472820383908;0.45913474133143317
959;10.0;DASC;0.594;0.6652306993236224;0.42479678088973055
960;10.0;DASC;0.532;0.6224978435517426;0.3802385792061568
961;10.0;DASC;0.682;0.7128621677844714;0.5221190406520961
962;10.0;DASC;0.576;0.6719834753581823;0.4330303270086194
963;10.0;DASC;0.554;0.647504015662588;0.431908474659348
964;10.0;DASC;0.61;0.6912546378695664;0.4950601336402803
965;10.0;DASC;0.642;0.6677020925341479;0.4715728777584116
966;10.0;DASC;0.638;0.7110344656239052;0.5232040502837185
967;10.0;DASC;0.546;0.6494532976659583;0.4344027399353863
968;10.0;DASC;0.596;0.6844931308800276;0.4602708790246799
969;10.0;DASC;0.668;0.7215782579033982;0.528738005162567
970;10.0;DASC;0.588;0.6597144876951743;0.4197964429907454
971;10.0;DASC;0.576;0.7000089676896044;0.4944332331628443
972;10.0;DASC;0.558;0.6317608342563035;0.4088751063397504
973;10.0;DASC;0.546;0.6824898185343439;0.4554562174448842
974;10.0;DASC;0.57;0.6802352798373452;0.4507304536629052
975;10.0;DASC;0.618;0.7199047644680234;0.5127440312033489
976;10.0;DASC;0.678;0.689558222553582;0.5021077473245236
977;10.0;DASC;0.626;0.7148336777697778;0.5034008266222217
978;10.0;DASC;0.552;0.6532510961321893;0.4005551127184711
979;10.0;DASC;0.614;0.6328369501566021;0.42076254690716697
980;10.0;DASC;0.62;0.6770392413953877;0.4761514438940542
981;10.0;DASC;0.714;0.7567724519765484;0.5684903258994497
982;10.0;DASC;0.526;0.6356629162581584;0.3994985553420987
983;10.0;DASC;0.582;0.6504656478796381;0.4272220596966677
984;10.0;DASC;0.642;0.6895003090253907;0.4853679759334958
985;10.0;DASC;0.668;0.751994256479378;0.560352422907489
986;10.0;DASC;0.512;0.6687031518215921;0.4386677567133875
987;10.0;DASC;0.722;0.7193109863632169;0.5468318686122812
988;10.0;DASC;0.67;0.6980817249175658;0.5226032056834604
989;10.0;DASC;0.632;0.666650889188653;0.4560712832558887
990;10.0;DASC;0.566;0.645474875825382;0.4140956179764384
991;10.0;DASC;0.742;0.7389291568361034;0.5500718313109576
992;10.0;DASC;0.564;0.6857564966553775;0.45857938721957797
993;10.0;DASC;0.578;0.663898345314627;0.4232532671216808
994;10.0;DASC;0.582;0.6675683086580081;0.45585892634111796
995;10.0;DASC;0.548;0.6293741266146913;0.37542346899006607
996;10.0;DASC;0.614;0.6897919331633106;0.4940826253268135
997;10.0;DASC;0.588;0.6216952311116027;0.4062422288288087
998;10.0;DASC;0.528;0.6240948619482757;0.3708442765366873
999;10.0;DASC;0.61;0.6506045260525658;0.4402958467864918
1000;15.0;DASC;0.642;0.6713605854889616;0.4899215857494738
1001;15.0;DASC;0.584;0.6065691182329817;0.38689263378605554
1002;15.0;DASC;0.57;0.6451663771962888;0.407707797025346
1003;15.0;DASC;0.536;0.6202117873424339;0.3832986088396183
1004;15.0;DASC;0.606;0.6509744250386864;0.44813253529971425
1005;15.0;DASC;0.608;0.6644778892528042;0.4639970512532575
1006;15.0;DASC;0.5;0.6276479373748313;0.38553243393375314
1007;15.0;DASC;0.532;0.6225027882241131;0.390204556313366
1008;15.0;DASC;0.544;0.6429756183141033;0.40327563596011906
1009;15.0;DASC;0.572;0.6099602173268394;0.37945165248651025
1010;15.0;DASC;0.644;0.6918515478525982;0.5052573054636095
1011;15.0;DASC;0.556;0.6363920237833111;0.4071405592121434
1012;15.0;DASC;0.492;0.6170595787097866;0.360704184774098
1013;15.0;DASC;0.598;0.6665564242602262;0.4525561177139354
1014;15.0;DASC;0.636;0.6580731388307042;0.4462651781238642
1015;15.0;DASC;0.512;0.6272715483875448;0.38562199354385424
1016;15.0;DASC;0.556;0.6360305357721368;0.4079467212975599
1017;15.0;DASC;0.554;0.6578223709808334;0.44379806445338504
1018;15.0;DASC;0.57;0.6489439198761582;0.4042256037736805
1019;15.0;DASC;0.55;0.6393324182172402;0.4114575414237932
1020;15.0;DASC;0.522;0.6101048137505375;0.3696353393478638
1021;15.0;DASC;0.486;0.5763763948628088;0.33160147446405525
1022;15.0;DASC;0.576;0.6754316213666692;0.46398852511831384
1023;15.0;DASC;0.504;0.5820717960014781;0.3261847286699767
1024;15.0;DASC;0.566;0.6378111576215727;0.4132402784810913
1025;15.0;DASC;0.648;0.6681811093103044;0.46104267197084053
1026;15.0;DASC;0.598;0.648505227426554;0.43287531019030534
1027;15.0;DASC;0.588;0.6633436893298784;0.44486837747190755
1028;15.0;DASC;0.528;0.6255079383705309;0.4003730328683887
1029;15.0;DASC;0.622;0.6619975037732577;0.4580412429328375
1030;15.0;DASC;0.658;0.6678897517359974;0.4486751404370572
1031;15.0;DASC;0.632;0.6806229049375812;0.47096488673392223
1032;15.0;DASC;0.552;0.622173752154128;0.3839101627113114
1033;15.0;DASC;0.64;0.7380125852647447;0.5396659240235321
1034;15.0;DASC;0.558;0.6746896704057573;0.4503654738103421
1035;15.0;DASC;0.516;0.6092311616927107;0.35859154295347734
1036;15.0;DASC;0.43;0.5823316187345237;0.3209181697066539
1037;15.0;DASC;0.548;0.6350251680583845;0.41891740578027997
1038;15.0;DASC;0.616;0.6436722065584682;0.4455981212901902
1039;15.0;DASC;0.492;0.594183096524317;0.32366259821379073
1040;15.0;DASC;0.49;0.6321018353437623;0.3781353162702793
1041;15.0;DASC;0.574;0.6283765978912325;0.40086074445581527
1042;15.0;DASC;0.53;0.6280348280330199;0.3867357080698169
1043;15.0;DASC;0.52;0.6091880393095301;0.3811948797006191
1044;15.0;DASC;0.558;0.6459247586111381;0.4197361921549827
1045;15.0;DASC;0.572;0.6200843384101049;0.4030102930898196
1046;15.0;DASC;0.53;0.5990146588519284;0.36109026059936106
1047;15.0;DASC;0.586;0.6724455494418726;0.45427251773705185
1048;15.0;DASC;0.616;0.6511984680235481;0.4168066330925501
1049;15.0;DASC;0.656;0.7217759995786355;0.5184281188810869
1050;5.0;BDR;0.648;0.7438548485424794;0.5484898380418681
1051;5.0;BDR;0.682;0.7768502503681533;0.5819392232431129
1052;5.0;BDR;0.642;0.7267942877315249;0.5028317125082357
1053;5.0;BDR;0.618;0.6903384690244089;0.484757992642237
1054;5.0;BDR;0.666;0.7316796670015359;0.5461727370512821
1055;5.0;BDR;0.604;0.6829341983822163;0.48141402173899106
1056;5.0;BDR;0.578;0.6971003505678737;0.48651546526052103
1057;5.0;BDR;0.684;0.7570725035626503;0.5732594928226312
1058;5.0;BDR;0.644;0.7113000495599295;0.5054125718986222
1059;5.0;BDR;0.664;0.7375261125906105;0.555190601004442
1060;5.0;BDR;0.612;0.6888033193632852;0.48730930090386376
1061;5.0;BDR;0.672;0.7442667975611313;0.565556618595373
1062;5.0;BDR;0.67;0.7665291161817266;0.565926922969407
1063;5.0;BDR;0.638;0.7471930439093865;0.5372563105295812
1064;5.0;BDR;0.676;0.7511774789751483;0.5574626019302523
1065;5.0;BDR;0.692;0.7742513916353391;0.5948262973272018
1066;5.0;BDR;0.592;0.69300675154545;0.4855715067831344
1067;5.0;BDR;0.648;0.7538426001852975;0.5571726758189408
1068;5.0;BDR;0.628;0.7208659769927068;0.5209943759779507
1069;5.0;BDR;0.67;0.7443038425224761;0.5654110369893963
1070;5.0;BDR;0.604;0.7189660433722899;0.5133419420003965
1071;5.0;BDR;0.646;0.7267940730321634;0.5354204409077298
1072;5.0;BDR;0.604;0.6770723390867881;0.4665960377192187
1073;5.0;BDR;0.652;0.7260961605409486;0.5293265668755416
1074;5.0;BDR;0.662;0.7316568074349309;0.5385510909046808
1075;5.0;BDR;0.6;0.6750595620425998;0.46278261422840283
1076;5.0;BDR;0.61;0.705863162595917;0.48280286409394213
1077;5.0;BDR;0.638;0.7158649940135505;0.5184064150162256
1078;5.0;BDR;0.642;0.7408445092170006;0.5281622084438321
1079;5.0;BDR;0.682;0.768618037490035;0.5836803575681827
1080;5.0;BDR;0.58;0.6915289876341815;0.4908356956538486
1081;5.0;BDR;0.644;0.7414497430811234;0.5287075334128132
1082;5.0;BDR;0.636;0.7124174120271803;0.5188199006681274
1083;5.0;BDR;0.626;0.7107952588830163;0.5003720436090895
1084;5.0;BDR;0.576;0.6728443441578665;0.45452930904354705
1085;5.0;BDR;0.67;0.7406653265401669;0.5609707879276286
1086;5.0;BDR;0.622;0.738778861434411;0.5394277023346068
1087;5.0;BDR;0.656;0.7158405388680302;0.5248704144177146
1088;5.0;BDR;0.578;0.6884837398875591;0.4866014331408569
1089;5.0;BDR;0.614;0.7124672172528952;0.5041102777425189
1090;5.0;BDR;0.626;0.7017336740385346;0.508712114524364
1091;5.0;BDR;0.632;0.7064600197764926;0.49683606730329244
1092;5.0;BDR;0.68;0.7702791679017872;0.592109246862201
1093;5.0;BDR;0.632;0.7397724215177566;0.5228340130891739
1094;5.0;BDR;0.626;0.7224942874294077;0.4963160380423463
1095;5.0;BDR;0.668;0.7415804949803805;0.5617869135947026
1096;5.0;BDR;0.586;0.7058976726391013;0.5075427488477582
1097;5.0;BDR;0.66;0.7619686422845666;0.5647679176896995
1098;5.0;BDR;0.572;0.6778853891764131;0.4703936578473333
1099;5.0;BDR;0.624;0.7019783610373111;0.5040577435690866
1100;10.0;BDR;0.582;0.6896045921248983;0.4575167776226029
1101;10.0;BDR;0.58;0.6767605334332387;0.455371550887007
1102;10.0;BDR;0.57;0.6922741296145729;0.4686420525754896
1103;10.0;BDR;0.576;0.6812816919001033;0.44481384692810444
1104;10.0;BDR;0.606;0.7159368670683884;0.5094054531023972
1105;10.0;BDR;0.584;0.6911941813570913;0.4624997478901502
1106;10.0;BDR;0.58;0.6942749524000085;0.4712382574273414
1107;10.0;BDR;0.582;0.7184712673017328;0.4885378313588534
1108;10.0;BDR;0.578;0.7034887317094403;0.5003561319803085
1109;10.0;BDR;0.584;0.6922502035534803;0.464063437891416
1110;10.0;BDR;0.58;0.6767605334332384;0.455371550887007
1111;10.0;BDR;0.588;0.6845759305686501;0.46718391297340967
1112;10.0;BDR;0.584;0.6792105718412763;0.45900093176787216
1113;10.0;BDR;0.584;0.6778411459454996;0.46135466879634185
1114;10.0;BDR;0.584;0.6792105718412765;0.45900093176787216
1115;10.0;BDR;0.582;0.6799903661316105;0.4577815624875503
1116;10.0;BDR;0.594;0.7132984512080054;0.5002908984790695
1117;10.0;BDR;0.568;0.6868125705096226;0.4572350954035123
1118;10.0;BDR;0.582;0.6799903661316105;0.4577815624875503
1119;10.0;BDR;0.58;0.6767605334332385;0.455371550887007
1120;10.0;BDR;0.58;0.6767605334332385;0.455371550887007
1121;10.0;BDR;0.58;0.6767605334332385;0.455371550887007
1122;10.0;BDR;0.584;0.691782729217096;0.463624291950552
1123;10.0;BDR;0.59;0.6859375862521304;0.4691806200915039
1124;10.0;BDR;0.586;0.7033298641453603;0.4854022653123402
1125;10.0;BDR;0.596;0.7102539209558811;0.48172320255803075
1126;10.0;BDR;0.578;0.6826368850330358;0.44638871535561514
1127;10.0;BDR;0.578;0.6829059369269745;0.44786785003249435
1128;10.0;BDR;0.57;0.6782047808955542;0.4399495312529686
1129;10.0;BDR;0.584;0.691959027427076;0.46393674749872815
1130;10.0;BDR;0.584;0.6907736917828452;0.45690926642330837
1131;10.0;BDR;0.584;0.6792105718412764;0.45900093176787216
1132;10.0;BDR;0.588;0.7089565810585616;0.4904132737910301
1133;10.0;BDR;0.588;0.6822907476845875;0.4669717287126805
1134;10.0;BDR;0.58;0.6767605334332386;0.455371550887007
1135;10.0;BDR;0.582;0.7189371155515922;0.48983824893764094
1136;10.0;BDR;0.582;0.6898852033924838;0.4601143335839135
1137;10.0;BDR;0.586;0.6839574283523293;0.4655543362029217
1138;10.0;BDR;0.584;0.6789558519511709;0.45950920718545224
1139;10.0;BDR;0.556;0.6583592188400946;0.43304915120341825
1140;10.0;BDR;0.58;0.6767605334332384;0.455371550887007
1141;10.0;BDR;0.58;0.6771331160650033;0.4553006409712956
1142;10.0;BDR;0.58;0.6767605334332386;0.455371550887007
1143;10.0;BDR;0.584;0.6789558519511707;0.45950920718545224
1144;10.0;BDR;0.584;0.6922502035534803;0.464063437891416
1145;10.0;BDR;0.586;0.6826807932075104;0.46427089060186144
1146;10.0;BDR;0.582;0.6899268381810032;0.4600370844797678
1147;10.0;BDR;0.582;0.7189371155515925;0.48983824893764094
1148;10.0;BDR;0.584;0.6922502035534805;0.464063437891416
1149;10.0;BDR;0.59;0.7059151799185814;0.4910741998489812
1150;15.0;BDR;0.596;0.7092555693907844;0.48014995868684524
1151;15.0;BDR;0.604;0.7129249600123599;0.48684895353875046
1152;15.0;BDR;0.6;0.7113071306074311;0.4836878809514074
1153;15.0;BDR;0.604;0.7129249600123598;0.48684895353875046
1154;15.0;BDR;0.596;0.6880922523327987;0.4585347663856196
1155;15.0;BDR;0.602;0.7124836836724042;0.4860475918741058
1156;15.0;BDR;0.602;0.7121876772102829;0.48550577486678353
1157;15.0;BDR;0.602;0.7121876772102829;0.48550577486678353
1158;15.0;BDR;0.602;0.7124674103934863;0.48631836819697677
1159;15.0;BDR;0.604;0.7129249600123597;0.48684895353875046
1160;15.0;BDR;0.596;0.7092555693907843;0.48014995868684524
1161;15.0;BDR;0.604;0.7129249600123597;0.48684895353875046
1162;15.0;BDR;0.602;0.7121876772102829;0.48550577486678353
1163;15.0;BDR;0.604;0.7130931129806997;0.487421661991236
1164;15.0;BDR;0.602;0.7121876772102829;0.48550577486678353
1165;15.0;BDR;0.602;0.7121876772102829;0.48550577486678353
1166;15.0;BDR;0.596;0.7092555693907843;0.48014995868684524
1167;15.0;BDR;0.598;0.7102514656659683;0.48193388498223094
1168;15.0;BDR;0.594;0.7085169588324794;0.47881412773748644
1169;15.0;BDR;0.6;0.7109893710961909;0.48327359585905966
1170;15.0;BDR;0.602;0.7121876772102829;0.48550577486678353
1171;15.0;BDR;0.602;0.7121876772102829;0.48550577486678353
1172;15.0;BDR;0.58;0.6885601677770488;0.45458244683768423
1173;15.0;BDR;0.6;0.7115611951783022;0.48440786317304213
1174;15.0;BDR;0.6;0.7111580619632655;0.48384129047587393
1175;15.0;BDR;0.604;0.7130931129806997;0.487421661991236
1176;15.0;BDR;0.592;0.6963768980757991;0.4740666440963357
1177;15.0;BDR;0.598;0.7102514656659683;0.48193388498223094
1178;15.0;BDR;0.608;0.7111296032922603;0.48182684094007067
1179;15.0;BDR;0.602;0.712187677210283;0.48550577486678353
1180;15.0;BDR;0.604;0.7129249600123597;0.48684895353875046
1181;15.0;BDR;0.598;0.7102514656659683;0.48193388498223094
1182;15.0;BDR;0.604;0.7129249600123597;0.48684895353875046
1183;15.0;BDR;0.602;0.7121876772102828;0.48550577486678353
1184;15.0;BDR;0.604;0.7129249600123599;0.48684895353875046
1185;15.0;BDR;0.614;0.7150788956029989;0.4965556683920746
1186;15.0;BDR;0.598;0.7102514656659682;0.48193388498223094
1187;15.0;BDR;0.6;0.7109893710961908;0.48327359585905966
1188;15.0;BDR;0.602;0.7121876772102829;0.48550577486678353
1189;15.0;BDR;0.604;0.7129249600123598;0.48684895353875046
1190;15.0;BDR;0.6;0.7109893710961909;0.48327359585905966
1191;15.0;BDR;0.594;0.7085169588324792;0.47881412773748644
1192;15.0;BDR;0.604;0.7129249600123599;0.48684895353875046
1193;15.0;BDR;0.604;0.7130931129807;0.487421661991236
1194;15.0;BDR;0.594;0.7085169588324793;0.47881412773748644
1195;15.0;BDR;0.598;0.7103613008320198;0.4821849171779957
1196;15.0;BDR;0.596;0.7094247765175417;0.48071293311124597
1197;15.0;BDR;0.602;0.7124836836724043;0.4860475918741058
1198;15.0;BDR;0.602;0.7124674103934862;0.48631836819697677
1199;15.0;BDR;0.598;0.7102514656659682;0.48193388498223094
1200;5.0;T-DSC_Vae;0.838;0.8273903493194648;0.7090503536803946
1201;5.0;T-DSC_Vae;0.866;0.848537053027971;0.751908822677293
1202;5.0;T-DSC_Vae;0.884;0.8594283404464405;0.7756384138143041
1203;5.0;T-DSC_Vae;0.83;0.8301407392175153;0.7069264698684783
1204;5.0;T-DSC_Vae;0.808;0.8018399319719097;0.6599933079129456
1205;5.0;T-DSC_Vae;0.866;0.841915288939794;0.7449757930054441
1206;5.0;T-DSC_Vae;0.816;0.8180267949722269;0.6864340033016127
1207;5.0;T-DSC_Vae;0.824;0.8146685138297333;0.6857341936802969
1208;5.0;T-DSC_Vae;0.83;0.8222417691107307;0.698746964483094
1209;5.0;T-DSC_Vae;0.85;0.8335335698113271;0.7229690155674482
1210;5.0;T-DSC_Vae;0.85;0.8327490453484093;0.7234069377483153
1211;5.0;T-DSC_Vae;0.794;0.7992927709562401;0.6513328504844416
1212;5.0;T-DSC_Vae;0.862;0.8451716048490984;0.7448698037112556
1213;5.0;T-DSC_Vae;0.806;0.808585498451651;0.6692510039117167
1214;5.0;T-DSC_Vae;0.898;0.8776058050654686;0.8037333789940896
1215;5.0;T-DSC_Vae;0.842;0.8240671109181402;0.7080738917740295
1216;5.0;T-DSC_Vae;0.828;0.8264346468625332;0.7025585992292487
1217;5.0;T-DSC_Vae;0.808;0.8090450850153839;0.6698914440980653
1218;5.0;T-DSC_Vae;0.874;0.8554116007736385;0.7625314981920901
1219;5.0;T-DSC_Vae;0.832;0.8182896420341422;0.6944232630087717
1220;5.0;T-DSC_Vae;0.832;0.8214534723385218;0.6981100894623279
1221;5.0;T-DSC_Vae;0.834;0.8204916605722721;0.69884517554696
1222;5.0;T-DSC_Vae;0.83;0.8183776595159354;0.6935617579362928
1223;5.0;T-DSC_Vae;0.822;0.8164074530798334;0.6870359160207152
1224;5.0;T-DSC_Vae;0.86;0.8372907505006443;0.7356824707333238
1225;5.0;T-DSC_Vae;0.862;0.8417463724297569;0.7421142737783357
1226;5.0;T-DSC_Vae;0.842;0.8287500423702047;0.7134992345416867
1227;5.0;T-DSC_Vae;0.83;0.8175149348694583;0.6929124280019952
1228;5.0;T-DSC_Vae;0.878;0.8553804960435663;0.7681455012415848
1229;5.0;T-DSC_Vae;0.834;0.8286315937486781;0.7072290264473171
1230;5.0;T-DSC_Vae;0.842;0.8319679216420525;0.717717484508438
1231;5.0;T-DSC_Vae;0.834;0.8220766117146235;0.7003301041635852
1232;5.0;T-DSC_Vae;0.886;0.8623306519020912;0.7808649746616803
1233;5.0;T-DSC_Vae;0.824;0.8246600932679831;0.6964170967052524
1234;5.0;T-DSC_Vae;0.846;0.8281814051817791;0.7148821548821549
1235;5.0;T-DSC_Vae;0.828;0.8204771793458685;0.6945857843396732
1236;5.0;T-DSC_Vae;0.832;0.8236484346814238;0.7024339750760981
1237;5.0;T-DSC_Vae;0.828;0.8234298099055589;0.6991385198562412
1238;5.0;T-DSC_Vae;0.822;0.8220153308501764;0.6915789430360527
1239;5.0;T-DSC_Vae;0.87;0.850169581558673;0.7564719594760565
1240;5.0;T-DSC_Vae;0.864;0.8463150434807369;0.746644347581922
1241;5.0;T-DSC_Vae;0.864;0.8443862569000704;0.7457948285794543
1242;5.0;T-DSC_Vae;0.832;0.8215562618965537;0.69962460111733
1243;5.0;T-DSC_Vae;0.914;0.8891647740826765;0.8300821666707087
1244;5.0;T-DSC_Vae;0.858;0.8431140778068756;0.7394608532111345
1245;5.0;T-DSC_Vae;0.822;0.8191791196551955;0.6877255681589424
1246;5.0;T-DSC_Vae;0.832;0.8213322392074301;0.6992775941098379
1247;5.0;T-DSC_Vae;0.878;0.8548421440550622;0.767284038208609
1248;5.0;T-DSC_Vae;0.85;0.8371803075050849;0.7289457800534881
1249;5.0;T-DSC_Vae;0.894;0.8724515953744572;0.7958189424097831
1250;10.0;T-DSC_Vae;0.884;0.8577716244349299;0.7749753111604363
1251;10.0;T-DSC_Vae;0.886;0.8643255042512709;0.7819223243698187
1252;10.0;T-DSC_Vae;0.882;0.855568607417709;0.7709859366341331
1253;10.0;T-DSC_Vae;0.922;0.9021528767112357;0.8449496027965542
1254;10.0;T-DSC_Vae;0.77;0.7973904262225121;0.6442346923344102
1255;10.0;T-DSC_Vae;0.866;0.840343987707965;0.7429698051874756
1256;10.0;T-DSC_Vae;0.882;0.8568192499394963;0.771869057675606
1257;10.0;T-DSC_Vae;0.858;0.8350923341275037;0.7319058587687567
1258;10.0;T-DSC_Vae;0.852;0.831511366221175;0.7235962703156922
1259;10.0;T-DSC_Vae;0.864;0.8397690496732081;0.7406902558307823
1260;10.0;T-DSC_Vae;0.878;0.853698345469221;0.7646750898917876
1261;10.0;T-DSC_Vae;0.872;0.8471324789347497;0.7544781144781145
1262;10.0;T-DSC_Vae;0.888;0.859932871089091;0.7806648408182565
1263;10.0;T-DSC_Vae;0.844;0.824019287364954;0.7077875660321259
1264;10.0;T-DSC_Vae;0.872;0.8443562215554918;0.7517486874889832
1265;10.0;T-DSC_Vae;0.874;0.8497810705988269;0.7569777775537233
1266;10.0;T-DSC_Vae;0.868;0.843076157490407;0.7471134311080626
1267;10.0;T-DSC_Vae;0.868;0.8427469116341755;0.7466093756583803
1268;10.0;T-DSC_Vae;0.886;0.8586128768262885;0.7771244784544651
1269;10.0;T-DSC_Vae;0.794;0.8102217003171799;0.6703648271710488
1270;10.0;T-DSC_Vae;0.86;0.8379908506192032;0.735289452245387
1271;10.0;T-DSC_Vae;0.878;0.8545782441777987;0.7645220749219673
1272;10.0;T-DSC_Vae;0.88;0.8483824401392767;0.7626544665665618
1273;10.0;T-DSC_Vae;0.838;0.8305719941042613;0.7146410542896606
1274;10.0;T-DSC_Vae;0.888;0.8598873481659971;0.7807015504902616
1275;10.0;T-DSC_Vae;0.884;0.8585800619205128;0.7755986086764989
1276;10.0;T-DSC_Vae;0.864;0.8364686562397458;0.7373658424274503
1277;10.0;T-DSC_Vae;0.844;0.8274938041998529;0.7130374690519207
1278;10.0;T-DSC_Vae;0.862;0.8368699545307224;0.7357972278714413
1279;10.0;T-DSC_Vae;0.866;0.8406306859977551;0.7434672203134712
1280;10.0;T-DSC_Vae;0.814;0.8046312454947869;0.6674272390345394
1281;10.0;T-DSC_Vae;0.876;0.8469441583130204;0.757822532881011
1282;10.0;T-DSC_Vae;0.872;0.8448220545816786;0.7526846340519596
1283;10.0;T-DSC_Vae;0.912;0.8820996773512041;0.8229492645409592
1284;10.0;T-DSC_Vae;0.886;0.8613991721061124;0.7797924343586508
1285;10.0;T-DSC_Vae;0.884;0.8531752585643838;0.7711190421521383
1286;10.0;T-DSC_Vae;0.872;0.8418227539345747;0.7500576488576505
1287;10.0;T-DSC_Vae;0.88;0.850702478603704;0.7656170687612069
1288;10.0;T-DSC_Vae;0.878;0.8526263419109978;0.7645244935187833
1289;10.0;T-DSC_Vae;0.86;0.8349677916011714;0.732797087813507
1290;10.0;T-DSC_Vae;0.898;0.8709676055902646;0.7994994031539513
1291;10.0;T-DSC_Vae;0.88;0.8532016689485753;0.7672174683834252
1292;10.0;T-DSC_Vae;0.842;0.8186790084511387;0.7000439658347744
1293;10.0;T-DSC_Vae;0.88;0.8508904588311047;0.7650717615315765
1294;10.0;T-DSC_Vae;0.836;0.8260881796966897;0.7072263514280297
1295;10.0;T-DSC_Vae;0.902;0.8812624766981317;0.8100136246212324
1296;10.0;T-DSC_Vae;0.878;0.851830902367768;0.7643424236344769
1297;10.0;T-DSC_Vae;0.878;0.8536029770099656;0.7650359198894062
1298;10.0;T-DSC_Vae;0.88;0.8527646707306396;0.766812707172021
1299;10.0;T-DSC_Vae;0.88;0.8553888796293422;0.7679263518820973
1300;15.0;T-DSC_Vae;0.898;0.872540686754212;0.7977901169618526
1301;15.0;T-DSC_Vae;0.87;0.8496721064068546;0.7529115643217892
1302;15.0;T-DSC_Vae;0.826;0.8175294042545884;0.6919856422213454
1303;15.0;T-DSC_Vae;0.788;0.7906623343803656;0.6367442178440499
1304;15.0;T-DSC_Vae;0.836;0.8243238740515648;0.7013620423034611
1305;15.0;T-DSC_Vae;0.892;0.8632495218072948;0.786014409403998
1306;15.0;T-DSC_Vae;0.812;0.8121594395536336;0.6780457068380485
1307;15.0;T-DSC_Vae;0.794;0.7919204446009098;0.6401207683956466
1308;15.0;T-DSC_Vae;0.884;0.8593072968016446;0.7758384457204115
1309;15.0;T-DSC_Vae;0.794;0.7945861121249429;0.6449313314502174
1310;15.0;T-DSC_Vae;0.824;0.8115666443910857;0.6825927514138627
1311;15.0;T-DSC_Vae;0.906;0.881001334371486;0.8144119765034353
1312;15.0;T-DSC_Vae;0.814;0.8120457911562766;0.6777033444161308
1313;15.0;T-DSC_Vae;0.798;0.7946505366949441;0.646743867580513
1314;15.0;T-DSC_Vae;0.872;0.8440936316921976;0.7517131727510944
1315;15.0;T-DSC_Vae;0.798;0.7965256599170827;0.6491257123951188
1316;15.0;T-DSC_Vae;0.808;0.8072930863843993;0.6699575528544054
1317;15.0;T-DSC_Vae;0.84;0.82422655695308;0.7086524861487783
1318;15.0;T-DSC_Vae;0.79;0.8030584675023753;0.6586462018795916
1319;15.0;T-DSC_Vae;0.892;0.8639543858294594;0.7855565324016682
1320;15.0;T-DSC_Vae;0.884;0.8536894955998166;0.770284040089191
1321;15.0;T-DSC_Vae;0.784;0.7910965906197636;0.6358937617237398
1322;15.0;T-DSC_Vae;0.794;0.7948964209899466;0.6456547557609921
1323;15.0;T-DSC_Vae;0.852;0.8317646045019876;0.7235465014903759
1324;15.0;T-DSC_Vae;0.788;0.7906239895308883;0.6360279136150019
1325;15.0;T-DSC_Vae;0.9;0.8781220724015827;0.8051275867840284
1326;15.0;T-DSC_Vae;0.868;0.8412318085571612;0.7457098503088619
1327;15.0;T-DSC_Vae;0.866;0.851188359459902;0.7547507473976155
1328;15.0;T-DSC_Vae;0.874;0.847452974683474;0.7566184101268156
1329;15.0;T-DSC_Vae;0.872;0.8531215141146264;0.7588950620576939
1330;15.0;T-DSC_Vae;0.89;0.866286265492077;0.786798834570776
1331;15.0;T-DSC_Vae;0.804;0.8011572375457504;0.6577408104285493
1332;15.0;T-DSC_Vae;0.872;0.8484418605503177;0.7558123730622759
1333;15.0;T-DSC_Vae;0.78;0.7909677157430373;0.6336782022728878
1334;15.0;T-DSC_Vae;0.896;0.8719069643461554;0.794960969903337
1335;15.0;T-DSC_Vae;0.776;0.7839140720841112;0.6219126010934516
1336;15.0;T-DSC_Vae;0.776;0.8080397344390354;0.6649934063259906
1337;15.0;T-DSC_Vae;0.79;0.7891234668727832;0.6344005426238462
1338;15.0;T-DSC_Vae;0.838;0.8243538810013318;0.7066436255336079
1339;15.0;T-DSC_Vae;0.888;0.8631349882092649;0.7835065407117358
1340;15.0;T-DSC_Vae;0.896;0.8738616750847319;0.7976090139483775
1341;15.0;T-DSC_Vae;0.834;0.82322571120422;0.7028674946768076
1342;15.0;T-DSC_Vae;0.844;0.8239596226950514;0.708961676290358
1343;15.0;T-DSC_Vae;0.824;0.8245706368100321;0.696742967286847
1344;15.0;T-DSC_Vae;0.824;0.8141572084273696;0.6857386676942565
1345;15.0;T-DSC_Vae;0.78;0.7854572875262543;0.6254450532037105
1346;15.0;T-DSC_Vae;0.868;0.8419182925092966;0.7467175195087042
1347;15.0;T-DSC_Vae;0.86;0.8369370953016942;0.7342198454200667
1348;15.0;T-DSC_Vae;0.908;0.8852611711908994;0.8188037885260261
1349;15.0;T-DSC_Vae;0.886;0.8569035796460345;0.7742224900537443
1350;5.0;M-DSC_Vae;0.876;0.8494129693476277;0.7605541644167069
1351;5.0;M-DSC_Vae;0.84;0.8223944814181896;0.7057646019906882
1352;5.0;M-DSC_Vae;0.874;0.8558343753018635;0.763225964536991
1353;5.0;M-DSC_Vae;0.826;0.8125693100895006;0.6842314372555586
1354;5.0;M-DSC_Vae;0.86;0.8359120430418014;0.7333012094906046
1355;5.0;M-DSC_Vae;0.864;0.8439900901054056;0.7439468229957271
1356;5.0;M-DSC_Vae;0.85;0.8300431357384448;0.7194529588595427
1357;5.0;M-DSC_Vae;0.84;0.8244894393457507;0.7054643976440105
1358;5.0;M-DSC_Vae;0.848;0.8283913869215976;0.716824658093268
1359;5.0;M-DSC_Vae;0.86;0.834619590825502;0.7332915478945312
1360;5.0;M-DSC_Vae;0.81;0.808797172714382;0.6725122668498291
1361;5.0;M-DSC_Vae;0.82;0.808439866303894;0.6741728515715695
1362;5.0;M-DSC_Vae;0.892;0.8645939687760665;0.7889230320577647
1363;5.0;M-DSC_Vae;0.884;0.8539454435311861;0.771949341377477
1364;5.0;M-DSC_Vae;0.846;0.823587597400422;0.7094325079764268
1365;5.0;M-DSC_Vae;0.86;0.8342017477137668;0.7320245355705924
1366;5.0;M-DSC_Vae;0.888;0.8629687852841088;0.7814607969761735
1367;5.0;M-DSC_Vae;0.888;0.8643779662670231;0.7838050983243645
1368;5.0;M-DSC_Vae;0.892;0.867757263007331;0.7903212809922943
1369;5.0;M-DSC_Vae;0.872;0.8495345705523689;0.7561339877790226
1370;5.0;M-DSC_Vae;0.82;0.8069374533535365;0.6723898585054963
1371;5.0;M-DSC_Vae;0.854;0.8312361208783277;0.7243043844136355
1372;5.0;M-DSC_Vae;0.862;0.8367065811742332;0.7350824202465961
1373;5.0;M-DSC_Vae;0.866;0.8406592460367661;0.7430977944140367
1374;5.0;M-DSC_Vae;0.878;0.8547732175946469;0.7678744721676959
1375;5.0;M-DSC_Vae;0.884;0.8604008941517508;0.7766670028035257
1376;5.0;M-DSC_Vae;0.892;0.8645373768714943;0.7887700199811157
1377;5.0;M-DSC_Vae;0.824;0.8171309842106169;0.6908959260661374
1378;5.0;M-DSC_Vae;0.876;0.8581022643322668;0.767517942020426
1379;5.0;M-DSC_Vae;0.884;0.8622602371082971;0.7806325350294191
1380;5.0;M-DSC_Vae;0.866;0.8411477103876146;0.7437815733366495
1381;5.0;M-DSC_Vae;0.87;0.847361431347247;0.7515514688739526
1382;5.0;M-DSC_Vae;0.83;0.8184523596222585;0.6930113719580064
1383;5.0;M-DSC_Vae;0.876;0.848393473760784;0.7596680216301287
1384;5.0;M-DSC_Vae;0.844;0.8266831110286271;0.7110336199247469
1385;5.0;M-DSC_Vae;0.892;0.8687021990504131;0.7920163552957649
1386;5.0;M-DSC_Vae;0.892;0.8647508936486781;0.7890245985304423
1387;5.0;M-DSC_Vae;0.816;0.8075064945594151;0.6724744698949549
1388;5.0;M-DSC_Vae;0.864;0.84083988843349;0.7416555410813475
1389;5.0;M-DSC_Vae;0.86;0.8374959376412374;0.7361589170375463
1390;5.0;M-DSC_Vae;0.882;0.8521996620270987;0.7677522795833149
1391;5.0;M-DSC_Vae;0.81;0.8033098482852894;0.6642494554768903
1392;5.0;M-DSC_Vae;0.818;0.8092527208786554;0.6748278079469837
1393;5.0;M-DSC_Vae;0.904;0.872662447829142;0.807770544166737
1394;5.0;M-DSC_Vae;0.886;0.8591220322417965;0.7782837051451857
1395;5.0;M-DSC_Vae;0.874;0.8531683696038719;0.7620452525822139
1396;5.0;M-DSC_Vae;0.862;0.8389320774471164;0.7374120495686618
1397;5.0;M-DSC_Vae;0.886;0.8612468254350457;0.779855327758492
1398;5.0;M-DSC_Vae;0.892;0.8632620044360818;0.7878158799520033
1399;5.0;M-DSC_Vae;0.826;0.8110913850482436;0.6814820581448254
1400;10.0;M-DSC_Vae;0.862;0.8408749597027795;0.7387172095090521
1401;10.0;M-DSC_Vae;0.898;0.8697223457969928;0.7986782470841314
1402;10.0;M-DSC_Vae;0.908;0.8817064361308918;0.8173956882489823
1403;10.0;M-DSC_Vae;0.856;0.8401952111439148;0.7362399460872723
1404;10.0;M-DSC_Vae;0.9;0.8693206224577238;0.8015573911756801
1405;10.0;M-DSC_Vae;0.868;0.8464126441702271;0.7505287816946958
1406;10.0;M-DSC_Vae;0.872;0.8497983606221929;0.7568238835247274
1407;10.0;M-DSC_Vae;0.876;0.8557182063723175;0.767134630516883
1408;10.0;M-DSC_Vae;0.872;0.8480922936438235;0.7563498281126662
1409;10.0;M-DSC_Vae;0.87;0.8486453869850137;0.7546734673363039
1410;10.0;M-DSC_Vae;0.846;0.8312562475966664;0.7186883018318534
1411;10.0;M-DSC_Vae;0.854;0.8369491054693563;0.727520418612391
1412;10.0;M-DSC_Vae;0.898;0.8740763352421866;0.8019078724227817
1413;10.0;M-DSC_Vae;0.818;0.8061080822316214;0.6707594346795033
1414;10.0;M-DSC_Vae;0.902;0.8736147964790828;0.8058138365687987
1415;10.0;M-DSC_Vae;0.82;0.8138329897743014;0.6822781280532862
1416;10.0;M-DSC_Vae;0.862;0.8397258275897918;0.7378488886588729
1417;10.0;M-DSC_Vae;0.902;0.8763257837144798;0.8076457532893722
1418;10.0;M-DSC_Vae;0.882;0.8602180203911397;0.7746235665857971
1419;10.0;M-DSC_Vae;0.876;0.853222497764956;0.7640612716873202
1420;10.0;M-DSC_Vae;0.896;0.8700325559907485;0.7967530118297639
1421;10.0;M-DSC_Vae;0.876;0.8534334841074207;0.764391051086369
1422;10.0;M-DSC_Vae;0.884;0.8567552757964031;0.7746808755273872
1423;10.0;M-DSC_Vae;0.87;0.8495373736782939;0.7558550252096823
1424;10.0;M-DSC_Vae;0.872;0.8489083374502836;0.7557553318552749
1425;10.0;M-DSC_Vae;0.87;0.8496330699288749;0.7540297051619602
1426;10.0;M-DSC_Vae;0.848;0.8279956228332617;0.7165437183068356
1427;10.0;M-DSC_Vae;0.884;0.8728274345460325;0.7860873599437106
1428;10.0;M-DSC_Vae;0.898;0.8717952362823793;0.7994966407374325
1429;10.0;M-DSC_Vae;0.872;0.851635222208235;0.7584437795463207
1430;10.0;M-DSC_Vae;0.886;0.8588094089327534;0.7778724754980908
1431;10.0;M-DSC_Vae;0.876;0.8540828732749486;0.7641187275220519
1432;10.0;M-DSC_Vae;0.864;0.8420928188250679;0.742479428322009
1433;10.0;M-DSC_Vae;0.872;0.8522628914302094;0.7590498638425972
1434;10.0;M-DSC_Vae;0.884;0.8619014939669799;0.7760295470170511
1435;10.0;M-DSC_Vae;0.856;0.8423853941021017;0.7364790454945475
1436;10.0;M-DSC_Vae;0.868;0.8565610220226644;0.7573006646836643
1437;10.0;M-DSC_Vae;0.87;0.8497833220028013;0.7535931231247893
1438;10.0;M-DSC_Vae;0.878;0.851974812464509;0.7638352704358512
1439;10.0;M-DSC_Vae;0.86;0.8358631985064708;0.7332310411615195
1440;10.0;M-DSC_Vae;0.828;0.8163298918437427;0.6916242431180933
1441;10.0;M-DSC_Vae;0.912;0.8904610805449963;0.8277689618145606
1442;10.0;M-DSC_Vae;0.816;0.8087584251497784;0.6739998790404099
1443;10.0;M-DSC_Vae;0.874;0.8491487178582487;0.7585278695347075
1444;10.0;M-DSC_Vae;0.866;0.8458840549606861;0.7505449755906761
1445;10.0;M-DSC_Vae;0.862;0.8452663967823106;0.7445022314701485
1446;10.0;M-DSC_Vae;0.84;0.8270202231264687;0.7085656924968106
1447;10.0;M-DSC_Vae;0.79;0.7959282024969416;0.6419290035690776
1448;10.0;M-DSC_Vae;0.806;0.8013064038840263;0.656758903255828
1449;10.0;M-DSC_Vae;0.792;0.7901362547721694;0.6366729779135097
1450;15.0;M-DSC_Vae;0.852;0.8335176023455697;0.7225204205731649
1451;15.0;M-DSC_Vae;0.894;0.8642616910757247;0.7886496746530155
1452;15.0;M-DSC_Vae;0.87;0.8451353495334812;0.7514432989412494
1453;15.0;M-DSC_Vae;0.886;0.854590243348312;0.7737700471090627
1454;15.0;M-DSC_Vae;0.89;0.8658807341160297;0.7864278126748997
1455;15.0;M-DSC_Vae;0.836;0.8228977037119324;0.7021221977011246
1456;15.0;M-DSC_Vae;0.896;0.873982730723864;0.7960653171193149
1457;15.0;M-DSC_Vae;0.902;0.8781973716317012;0.8090518223721961
1458;15.0;M-DSC_Vae;0.842;0.8243204211928269;0.7080019531906397
1459;15.0;M-DSC_Vae;0.828;0.8107594417407427;0.6822714425349309
1460;15.0;M-DSC_Vae;0.894;0.8792716544598403;0.8009961184494919
1461;15.0;M-DSC_Vae;0.818;0.806334293038146;0.6716535213092052
1462;15.0;M-DSC_Vae;0.806;0.8077697020864428;0.6653437946006201
1463;15.0;M-DSC_Vae;0.856;0.8314072145359402;0.7256155763067876
1464;15.0;M-DSC_Vae;0.91;0.8840960598906472;0.8210467452551283
1465;15.0;M-DSC_Vae;0.848;0.8381389479909603;0.7268630808614782
1466;15.0;M-DSC_Vae;0.832;0.8215754517165438;0.6945658312987729
1467;15.0;M-DSC_Vae;0.848;0.8367434132055152;0.7217222268288911
1468;15.0;M-DSC_Vae;0.888;0.859161414218215;0.7784498406804792
1469;15.0;M-DSC_Vae;0.81;0.8088415272105139;0.6731160353866088
1470;15.0;M-DSC_Vae;0.848;0.8332558389314679;0.7203354498294728
1471;15.0;M-DSC_Vae;0.836;0.8233386541760087;0.7004855288920917
1472;15.0;M-DSC_Vae;0.854;0.8359173256452322;0.7295641300111356
1473;15.0;M-DSC_Vae;0.852;0.832506692271439;0.7236358762959841
1474;15.0;M-DSC_Vae;0.872;0.8484422709576859;0.7554066414175973
1475;15.0;M-DSC_Vae;0.872;0.847236496442666;0.7548739883192555
1476;15.0;M-DSC_Vae;0.898;0.8713447156447824;0.7990700884080518
1477;15.0;M-DSC_Vae;0.874;0.8514003925018715;0.7594714629912249
1478;15.0;M-DSC_Vae;0.892;0.8704337751793838;0.793444108221377
1479;15.0;M-DSC_Vae;0.856;0.839744647236256;0.7323323132185945
1480;15.0;M-DSC_Vae;0.886;0.8612297721196953;0.7803577676744272
1481;15.0;M-DSC_Vae;0.886;0.8591177699656349;0.7768758653123712
1482;15.0;M-DSC_Vae;0.882;0.8635960169994789;0.7780007720278189
1483;15.0;M-DSC_Vae;0.894;0.8694233778354311;0.7944410350915396
1484;15.0;M-DSC_Vae;0.84;0.8225567421152432;0.7046670540416927
1485;15.0;M-DSC_Vae;0.89;0.8677216460480968;0.7871415961724887
1486;15.0;M-DSC_Vae;0.834;0.8247699385552436;0.7014069236725048
1487;15.0;M-DSC_Vae;0.826;0.8095432033552561;0.6799142308402533
1488;15.0;M-DSC_Vae;0.866;0.8399259097015629;0.7428867096362803
1489;15.0;M-DSC_Vae;0.852;0.8301875443506724;0.7205628069027468
1490;15.0;M-DSC_Vae;0.874;0.8454728393058857;0.7552192435375561
1491;15.0;M-DSC_Vae;0.87;0.8484019632857048;0.7547874886267366
1492;15.0;M-DSC_Vae;0.89;0.8625127883040369;0.7845195583226712
1493;15.0;M-DSC_Vae;0.856;0.8355990252060221;0.7297547845280073
1494;15.0;M-DSC_Vae;0.85;0.8301411814603236;0.7207126931970546
1495;15.0;M-DSC_Vae;0.822;0.8154178694551001;0.6868087501366038
1496;15.0;M-DSC_Vae;0.808;0.7974817726660156;0.6537941604495324
1497;15.0;M-DSC_Vae;0.836;0.8189829179439397;0.6986156741101957
1498;15.0;M-DSC_Vae;0.898;0.8791492175543628;0.8037430317551665
1499;15.0;M-DSC_Vae;0.838;0.8284821703885326;0.7073523688378808
1500;5.0;PARTY;0.324;0.3451029729592452;0.16464220477501632
1501;5.0;PARTY;0.248;0.20293479019066663;0.07697091301723508
1502;5.0;PARTY;0.248;0.18866538588216714;0.07076130694792514
1503;5.0;PARTY;0.244;0.2377809258581143;0.10203479291339335
1504;5.0;PARTY;0.266;0.19346758228915656;0.09038325281585673
1505;5.0;PARTY;0.24;0.21406299590307912;0.09053138250992881
1506;5.0;PARTY;0.244;0.17080048090404076;0.06172768323627319
1507;5.0;PARTY;0.238;0.17846015700487025;0.06107754033615378
1508;5.0;PARTY;0.242;0.20863024034056274;0.08429605388537352
1509;5.0;PARTY;0.262;0.22241555091938778;0.09034346499576804
1510;5.0;PARTY;0.232;0.16665722750917336;0.059785321037907256
1511;5.0;PARTY;0.242;0.15408682643399113;0.05003197650564961
1512;5.0;PARTY;0.224;0.16989413215410437;0.06113435890893202
1513;5.0;PARTY;0.264;0.2417164937999357;0.10051460063402655
1514;5.0;PARTY;0.272;0.2196399453328983;0.09340823087594682
1515;5.0;PARTY;0.276;0.23088954692643965;0.09046118674802517
1516;5.0;PARTY;0.276;0.24645239697482532;0.11315203300612471
1517;5.0;PARTY;0.244;0.1949911714719122;0.08297044138086968
1518;5.0;PARTY;0.256;0.19193632944055306;0.07793441509701016
1519;5.0;PARTY;0.236;0.18922813428814728;0.06050638351660314
1520;5.0;PARTY;0.26;0.26883904394874525;0.10549673302215422
1521;5.0;PARTY;0.252;0.19158692693360294;0.07271866530804884
1522;5.0;PARTY;0.286;0.23734106789292908;0.09805430390990419
1523;5.0;PARTY;0.234;0.1697278044404989;0.07166126674525139
1524;5.0;PARTY;0.23;0.16247964537469398;0.0509628732913174
1525;5.0;PARTY;0.258;0.20144193343970082;0.08058266428710728
1526;5.0;PARTY;0.244;0.23036098223558707;0.09548775809291746
1527;5.0;PARTY;0.248;0.20830672328972535;0.08127146227195559
1528;5.0;PARTY;0.248;0.20270555076261357;0.07053853754940712
1529;5.0;PARTY;0.242;0.19274507782008504;0.08195785026630753
1530;5.0;PARTY;0.226;0.15871297678709398;0.060767676999447164
1531;5.0;PARTY;0.254;0.2037184016158489;0.07810838824630906
1532;5.0;PARTY;0.29;0.22842775859791695;0.10407593998999236
1533;5.0;PARTY;0.246;0.18748777082215265;0.07663831617297145
1534;5.0;PARTY;0.288;0.255889678672734;0.11102631193827728
1535;5.0;PARTY;0.264;0.22904793961800746;0.08573880332988093
1536;5.0;PARTY;0.24;0.19990508383698866;0.07457273583538301
1537;5.0;PARTY;0.286;0.2425665579244865;0.09653706402991458
1538;5.0;PARTY;0.33;0.2781188312332644;0.15884250637291808
1539;5.0;PARTY;0.258;0.20932913933496522;0.07827953618649368
1540;5.0;PARTY;0.242;0.21013326952631028;0.07853172517954801
1541;5.0;PARTY;0.254;0.22268333286564854;0.07972244766060738
1542;5.0;PARTY;0.23;0.16226117456118713;0.057072448848483955
1543;5.0;PARTY;0.252;0.1773167199262635;0.07350865476661084
1544;5.0;PARTY;0.308;0.30206024045857544;0.15436345390293307
1545;5.0;PARTY;0.224;0.17581944473397143;0.062438961242270434
1546;5.0;PARTY;0.254;0.19941720224561782;0.08852098005097724
1547;5.0;PARTY;0.262;0.22144875080318144;0.09382909458977519
1548;5.0;PARTY;0.248;0.1716735148035278;0.0600322791888462
1549;5.0;PARTY;0.262;0.20918783852893008;0.07459073171813141
1550;10.0;PARTY;0.28;0.27101813478938297;0.14153317483350566
1551;10.0;PARTY;0.244;0.16873044218451044;0.06463510652568223
1552;10.0;PARTY;0.272;0.2158986549789475;0.09298399952353309
1553;10.0;PARTY;0.216;0.18276836680698466;0.058496482919893435
1554;10.0;PARTY;0.216;0.14993038070032863;0.049853962675085704
1555;10.0;PARTY;0.246;0.16830525869218177;0.08369037622115984
1556;10.0;PARTY;0.222;0.17863819117823537;0.0552861244043941
1557;10.0;PARTY;0.252;0.1876735467186473;0.07046152948808343
1558;10.0;PARTY;0.264;0.20952748924038353;0.09533981464699401
1559;10.0;PARTY;0.228;0.20669793366624337;0.07882262800297785
1560;10.0;PARTY;0.212;0.15828125972519744;0.0559159204563116
1561;10.0;PARTY;0.264;0.2154518801129285;0.0842105763059354
1562;10.0;PARTY;0.302;0.22731114247502293;0.12383052167278125
1563;10.0;PARTY;0.232;0.15949611225499205;0.06108941637026742
1564;10.0;PARTY;0.224;0.14964670027339383;0.04990265938699249
1565;10.0;PARTY;0.226;0.15666816786676568;0.052717296613430734
1566;10.0;PARTY;0.24;0.17558937830940136;0.06792138743095412
1567;10.0;PARTY;0.274;0.22735604061012016;0.09737594005141505
1568;10.0;PARTY;0.222;0.1792188015730036;0.06263900744178218
1569;10.0;PARTY;0.276;0.2512603407701264;0.0956630481918628
1570;10.0;PARTY;0.228;0.20112418563441825;0.06476106417706573
1571;10.0;PARTY;0.306;0.3320830216805826;0.15373883467603097
1572;10.0;PARTY;0.272;0.29395458684992753;0.14947316799286312
1573;10.0;PARTY;0.254;0.18905460816541184;0.06962221992038947
1574;10.0;PARTY;0.254;0.16169580819976345;0.06470272785480005
1575;10.0;PARTY;0.22;0.17066807540295845;0.0632878681316992
1576;10.0;PARTY;0.228;0.18598208501390612;0.06544993516765975
1577;10.0;PARTY;0.236;0.17364177579359266;0.06395518443025366
1578;10.0;PARTY;0.254;0.17752465816513352;0.07939833476851017
1579;10.0;PARTY;0.252;0.18643239153048602;0.07242744023094709
1580;10.0;PARTY;0.226;0.1636884028879231;0.0536047350079546
1581;10.0;PARTY;0.26;0.1733839871973116;0.06868402342017212
1582;10.0;PARTY;0.264;0.18820274455118277;0.08449110135943898
1583;10.0;PARTY;0.232;0.17607975539196954;0.06276299602255667
1584;10.0;PARTY;0.256;0.18501612860254066;0.07785244091656177
1585;10.0;PARTY;0.238;0.1643291098380996;0.053261710834803695
1586;10.0;PARTY;0.222;0.16573552605762978;0.058793325433110735
1587;10.0;PARTY;0.26;0.1913325906060847;0.07681356971978096
1588;10.0;PARTY;0.276;0.213408416267646;0.09293142683137323
1589;10.0;PARTY;0.272;0.2306315797528411;0.1054837410980812
1590;10.0;PARTY;0.212;0.1476766134589911;0.044130296852742855
1591;10.0;PARTY;0.242;0.1727827544102891;0.05905917765819548
1592;10.0;PARTY;0.238;0.19235803496669332;0.07125695665647436
1593;10.0;PARTY;0.22;0.2494134409839159;0.09858691341899191
1594;10.0;PARTY;0.228;0.15224505858746998;0.05067542011367316
1595;10.0;PARTY;0.218;0.21150132902598986;0.08750188339216088
1596;10.0;PARTY;0.218;0.14291076194183694;0.04798932712059166
1597;10.0;PARTY;0.31;0.3598123978727953;0.1614980373080944
1598;10.0;PARTY;0.218;0.144110448187326;0.06159224984753959
1599;10.0;PARTY;0.23;0.1568327482779698;0.057689311714823915
1600;15.0;PARTY;0.288;0.28047800470468354;0.13045134454722357
1601;15.0;PARTY;0.26;0.19283954655738264;0.06346022884718948
1602;15.0;PARTY;0.28;0.26994166915679385;0.12988880450751308
1603;15.0;PARTY;0.236;0.19496304029287484;0.06940242696311516
1604;15.0;PARTY;0.252;0.22085883884425567;0.11244190400669618
1605;15.0;PARTY;0.246;0.20076246834534253;0.08374107399374163
1606;15.0;PARTY;0.29;0.31455504939980816;0.12746370384090988
1607;15.0;PARTY;0.178;0.1240572357839501;0.013669880616963996
1608;15.0;PARTY;0.28;0.31538818398286556;0.130077568600235
1609;15.0;PARTY;0.162;0.13924135496019624;0.037313620352598206
1610;15.0;PARTY;0.252;0.16590042179671333;0.06084638768922411
1611;15.0;PARTY;0.258;0.21838181450569166;0.07848613137281053
1612;15.0;PARTY;0.262;0.2859906428194889;0.12361663364498335
1613;15.0;PARTY;0.308;0.3388511351730161;0.14719713770768408
1614;15.0;PARTY;0.258;0.30572016833889176;0.13942403713084345
1615;15.0;PARTY;0.26;0.19318625069588247;0.10180734099769377
1616;15.0;PARTY;0.244;0.20841334528056035;0.08682659884504929
1617;15.0;PARTY;0.276;0.1700538591254759;0.06902710273186775
1618;15.0;PARTY;0.244;0.15511923184041232;0.06338033769972878
1619;15.0;PARTY;0.234;0.28122505787547253;0.09004894125703113
1620;15.0;PARTY;0.248;0.2109256359288401;0.08306509065461722
1621;15.0;PARTY;0.216;0.16588148393714164;0.04139391519651514
1622;15.0;PARTY;0.272;0.2260363629727043;0.10909645731466276
1623;15.0;PARTY;0.274;0.22263391903585972;0.097121302113161
1624;15.0;PARTY;0.24;0.20436078607919766;0.07412608263887467
1625;15.0;PARTY;0.278;0.2878583685345385;0.15026198755618653
1626;15.0;PARTY;0.274;0.20551919691063633;0.0996274613480128
1627;15.0;PARTY;0.24;0.15313492060977835;0.06450309282964334
1628;15.0;PARTY;0.262;0.19902456643963987;0.08185305007802944
1629;15.0;PARTY;0.27;0.2301457251883659;0.09494720544037862
1630;15.0;PARTY;0.234;0.19477494637648943;0.08063221340492453
1631;15.0;PARTY;0.214;0.14755395592600012;0.048881369640286165
1632;15.0;PARTY;0.262;0.24309001737180388;0.0976130959920953
1633;15.0;PARTY;0.278;0.1908215292395322;0.09349759801390564
1634;15.0;PARTY;0.218;0.20228867188994426;0.07215571090936175
1635;15.0;PARTY;0.25;0.27187142194544883;0.10093013868476354
1636;15.0;PARTY;0.298;0.3262189452214081;0.13033364919674745
1637;15.0;PARTY;0.28;0.2762731293363332;0.13058652758362074
1638;15.0;PARTY;0.224;0.1772421362956431;0.07170334745446945
1639;15.0;PARTY;0.276;0.16075210603516527;0.070022636657157
1640;15.0;PARTY;0.26;0.2048614828864545;0.08600051251809579
1641;15.0;PARTY;0.248;0.18255305539281735;0.06397400778270057
1642;15.0;PARTY;0.22;0.20135540746283914;0.07061193557144149
1643;15.0;PARTY;0.314;0.3356436463611189;0.1802329135892556
1644;15.0;PARTY;0.23;0.21005079134827298;0.0959311338588006
1645;15.0;PARTY;0.242;0.19679371076783167;0.0933237484248084
1646;15.0;PARTY;0.226;0.1570283140293857;0.06475928906634765
1647;15.0;PARTY;0.236;0.20067873977850575;0.07312286568121865
1648;15.0;PARTY;0.262;0.26228097039572024;0.09867850539888444
1649;15.0;PARTY;0.268;0.2775691618463587;0.09155865583254787
