A;B;C;Y
-0.1355271788991883;0.27503001410050953;-0.04351831035261475;0.0
-0.21137795006875282;0.4028311354628829;-0.08274765084135596;0.0
-0.1940154134257055;-0.02508343019457328;-0.3007271104690239;0.0
0.10383468745494359;-0.43518024299779184;-0.09444718283842082;0.0
-0.1820396910961396;0.2758906293024355;-0.11170006429243104;0.0
-0.09688732469363279;-0.4116902556246194;-0.37742293525771087;0.0
0.3056509611535507;-0.07303207270789426;0.409689742335819;0.0
0.30528855739910926;-0.15496052812414945;0.3625124351954071;0.0
-0.20531964644817238;0.23016536512229724;-0.1721025120510663;0.0
0.059668068146824044;0.2944809152907551;0.25574409767211986;0.0
0.17784875424925903;0.2960274845572375;0.43110814042576806;0.0
0.15874849918308045;-0.31011896946823014;0.05782627883732723;0.0
-0.12995404211766493;-0.4106621848453897;-0.42565780152693683;0.0
-0.12698056773325872;0.42296468274300747;0.053319915063881534;0.0
-0.06385803952064148;0.35346736789166094;0.1069497315987054;0.0
0.32717728536209423;-0.35204717396687574;0.282626910393995;0.0
-0.12260037282382263;-0.10290362428202021;-0.23959236947554832;0.0
0.13884892531888524;-0.060550788473129294;0.17052659897602043;0.0
-0.12456891826193373;0.26281367844184556;-0.034294201675615345;0.0
-0.10989777034577952;-0.42617948057481353;-0.4048805172275998;0.0
0.2613302563515011;-0.04793866938325401;0.3585398412367961;0.0
0.12473347817682612;0.15392656161156282;0.2717893099047867;0.0
-0.09371076048817224;0.47898983617320084;0.1343352908220481;0.0
-0.043434831565476964;-0.25406138728385025;-0.20876610161929227;0.0
-0.13887908235104096;-0.13039936527403698;-0.2792799305715441;0.0
0.20672644407525392;-0.09036016337169148;0.2537712763961988;0.0
0.26672523365729817;-0.3865014102255142;0.1737597219953741;0.0
0.1153553616106784;0.09553721135911922;0.22470200328618828;0.0
-0.01674954228174716;-0.4122550327666987;-0.2594279526681014;0.0
0.13283227207553547;-0.31504430024190105;0.016759194717256662;0.0
-0.09237907054359296;-0.20882479533598614;-0.25527464089239904;0.0
0.2260320987358361;-0.18568908200716727;0.22800321262739642;0.0
-0.03700359432352787;-0.3217605468161828;-0.23781238063210067;0.0
-0.22038939070065877;0.11121504059338344;-0.2620706585431779;0.0
-0.23304811395836333;0.18563071028014236;-0.2383949843025694;0.0
-0.25496935687013506;-0.005571980855022446;-0.37961238378975526;0.0
-0.07456541136663407;-0.23750019968627994;-0.24529935256511154;0.0
0.020872988710648285;0.29349564855122046;0.19790559737174152;0.0
0.17013739577852227;-0.06383720186368719;0.21485035230729765;0.0
-0.19868396280751194;0.12890371643937704;-0.21995422421125016;0.0
0.14475354394693318;-0.22025375073988096;0.08832462185407942;0.0
-0.053337712041600704;0.3513478304566373;0.12127542381423945;0.0
-0.03427874593865049;0.2980721953218701;0.11908427486206447;0.0
0.20461057294131244;-0.1962656205162917;0.19035490796022764;0.0
-0.27430096500103507;0.32187563559129834;-0.22173638783506855;0.0
0.06843010282991144;0.07537784723584759;0.14394409304041125;0.0
-0.08764839552146803;-0.2593929158584099;-0.27707887322634744;0.0
-0.18028229054689066;-0.2704321463707291;-0.42012950191039083;0.0
-0.0038905608725349483;-0.4188693116078399;-0.24420831706497692;0.0
-0.07816458443226684;-0.4965837064994451;-0.39811066162903286;0.0
0.3304646388854199;-0.34543122558428646;0.2912468939559755;0.0
-0.32725617854548306;0.12598588383008447;-0.4114411293493175;0.0
-0.16787499847611745;-0.07493324640984031;-0.29051277736209913;0.0
0.2824230273902426;-0.03582403395406844;0.39657841361107377;0.0
-0.08043641377021862;0.36519116196846785;0.08914760447545093;0.0
-0.20410177319333594;0.45918667855366807;-0.03992153243621943;0.0
0.07071996629698633;-0.12315259991258512;0.03430057513288638;0.0
0.07738012360614623;-0.19379562689463384;0.003916319443240272;0.0
0.09376267385547521;-0.14221143488890883;0.05747085917676149;0.0
-0.33370691963529475;0.23442026408197342;-0.35923289617068943;0.0
-0.021519494767834345;0.247271247323321;0.10900099188253186;0.0
-0.17703959902766409;0.09295261737878745;-0.20846531817483568;0.0
0.07826800659476421;-0.38206903577883367;-0.10195772211489218;0.0
-0.12801148334679835;0.32289862922766255;-0.005170210728294402;0.0
-0.07717225103771913;-0.42318327567918024;-0.35485836171220575;0.0
-0.10102194720373686;-0.22007702233540793;-0.2744410466158807;0.0
-0.09256695590299308;0.4316079102342174;0.10904926948885661;0.0
0.0279818065326789;-0.3312200970154517;-0.14725241595164007;0.0
0.14530830844417408;-0.4471307203563472;-0.040018426383285684;0.0
0.09176496465664785;0.16645167046807394;0.23024475026776564;0.0
-0.09671458182823259;-0.46893032541702706;-0.40975493230851107;0.0
-0.26448956607253554;0.13870721926167662;-0.31152933307106573;0.0
-0.385804683571796;0.2966184205741651;-0.4007410453292536;0.0
-0.0035707097268578847;-0.48257442323861494;-0.2800036997241986;0.0
-0.19018776000896148;-0.21978330201726087;-0.4059194500787336;0.0
-0.039999373523456005;-0.12451150959376162;-0.1299405989304899;0.0
-0.13340143453068826;0.12803524632574959;-0.12406463486068768;0.0
0.1760472348160496;-0.11023841702662415;0.19715929230667142;0.0
0.02884762786088943;0.40500677555701387;0.2731632644870607;0.0
-0.013463633578503761;0.2832622944740634;0.14138464491966962;0.0
0.33243936042717837;-0.33687047290641503;0.2990360758891158;0.0
-0.07518273763128469;-0.2679796690746647;-0.26356288462255584;0.0
-0.3175775579137869;0.33089364301366525;-0.28049654530415424;0.0
0.006805637167017167;0.3050204372556009;0.1836974836723413;0.0
-0.1321445445141135;-0.22640147659690457;-0.32399141406026316;0.0
0.0013603428144123193;0.04310928731058169;0.02655074567234557;0.0
0.10325615602616015;-0.02986152687239455;0.1354484887189136;0.0
0.2761444320476536;-0.3724762551745244;0.19565094047787096;0.0
0.31910136605423717;-0.42792349110009165;0.22750677425839796;0.0
-0.3074130639725977;0.3458803620450769;-0.2569575394953256;0.0
-0.2413150859937787;0.1314658920542045;-0.2814367363523709;0.0
-0.04337815634517565;0.43159158855556023;0.18166299073442813;0.0
-0.3466143515201153;0.20871196055661426;-0.3929254606314162;0.0
0.1336453203188768;0.35000960993028085;0.3965778629631825;0.0
-0.34719139639508345;0.2575570204103803;-0.3659696986295398;0.0
-0.16297542238769008;-0.3310426734559068;-0.42908326009265735;0.0
0.10055948794691513;-0.10548411551562425;0.08841480112770542;0.0
0.11000077450120384;-0.15282409444233083;0.07540317575217562;0.0
-0.21831302444362144;0.0919416923350013;-0.2699774896079121;0.0
0.12198504953690625;-0.09938318433816885;0.12352108030549401;0.0
0.14618354612142387;0.2595103760826091;0.3635678370355446;0.0
-0.23125746289460955;0.4244037940190815;-0.09981661971033884;0.0
-0.305812832494456;0.10434584789488192;-0.3921016540729893;0.0
0.01889797576742347;0.46740017308446835;0.29399431302351153;0.0
0.233132053188054;-0.07546327545937923;0.30123774445526147;0.0
0.12273933680255372;0.04777502796237867;0.20841257244872954;0.0
0.1578095842342315;-0.39848333948338915;0.006133806718148102;0.0
-0.3663080605902047;0.3672564042861408;-0.33174143431450903;0.0
0.03496593092062647;0.1828669374922645;0.1557311712604475;0.0
-0.26012034344583435;0.30581448639974695;-0.20994361179437943;0.0
-0.15174542566891874;0.17094180149682664;-0.12672105240896725;0.0
-0.018445203272643068;0.457779891787902;0.23338346443225588;0.0
-0.22742436939854704;0.4210482044695537;-0.09606774097401538;0.0
0.22295835835193173;-0.4546804185605408;0.07032708614580002;0.0
-0.14481623798972962;0.27460320441750324;-0.05747578837206773;0.0
0.12300585886691368;-0.46716538442155264;-0.08435189362054515;0.0
0.0442113308990134;0.3803540728606577;0.2818115469125503;0.0
0.011956228754758672;-0.24804502171462264;-0.12356084135125273;0.0
0.12499504336477663;-0.13761004312872946;0.10620234832368403;0.0
0.13895989428340444;0.2716316099752782;0.3598034137512803;0.0
0.24783492116314637;-0.11855368801794405;0.2984136873378154;0.0
-0.04359809125599007;0.023308651280776773;-0.05109909223165586;0.0
-0.379712205472419;0.28238658133895256;-0.3998482797524149;0.0
-0.26014472512643194;0.02902949484071908;-0.3675545874853572;0.0
0.08461913534218193;-0.21688429000466913;0.0014596120162977799;0.0
-0.020797231791601284;-0.5200648156118541;-0.3267806254967593;0.0
0.2674014137045583;-0.019932702210825257;0.38344730748066636;0.0
0.12155138752888581;-0.1846839865852186;0.07431867383212118;0.0
-0.1268999056310316;0.11427289132968463;-0.12230066156126844;0.0
-0.040504008092581575;0.3978012976946582;0.16666945317635626;0.0
-0.3421465792184369;0.18119841416232146;-0.40199277024043106;0.0
-0.22479218838946274;-0.00933151066710413;-0.33719871919896593;0.0
-0.1775523344287649;-0.1860599664358605;-0.3680654845397316;0.0
-0.012474130009368506;-0.5005724180960448;-0.3033951724981468;0.0
0.19318470266341875;0.025820188174411864;0.29992007752335126;0.0
-0.20075400723452563;0.3827055294209715;-0.0785199177983999;0.0
0.3296839931734405;-0.17923671294273502;0.38470964415017905;0.0
-0.19465461817211388;0.36990622075365065;-0.07680140249137757;0.0
0.13942268879612318;-0.42394834610432686;-0.0355102022671398;0.0
0.16831394968212884;-0.08048287521347092;0.2026817326989542;0.0
-0.02985818706765614;-0.4932891086845559;-0.32491480918363325;0.0
-0.2602850070352224;0.36238877985115975;-0.1779787159464617;0.0
-0.2435355831178159;0.36477197671893585;-0.15189287345223826;0.0
-0.24199813445834045;0.3578114293919555;-0.15358563516942672;0.0
-0.18000268263448366;0.007762459629941661;-0.2613392067030639;0.0
-0.18339882941007288;0.34486068482126037;-0.07444174240390798;0.0
0.08453827145984599;-0.1732843984090176;0.02616184379587111;0.0
-0.021149389123642226;-0.5191595218677624;-0.32678516745213637;0.0
-0.15733222050428872;0.2209017338013622;-0.10652705139191328;0.0
0.30213319147373285;-0.36809159771329336;0.23651730447826164;0.0
-0.14764881320350629;0.47248029201147107;0.05099450190306912;0.0
-0.2966331825354714;0.3033409052108189;-0.2652598856924948;0.0
0.13361853942083918;0.0351740483779655;0.2173009792210694;0.0
-0.07848087382163085;-0.19818838049099388;-0.2286997938043001;0.0
-0.27016540369962094;0.3174025100251777;-0.21817715994618558;0.0
-0.2118142584631274;0.03183218850030112;-0.2946032421146962;0.0
0.18537117353522042;-0.3678491681839432;0.06426628801777358;0.0
0.17434579915771675;-0.13945519837159726;0.17801402053697543;0.0
0.11054225506513576;0.2076828700239194;0.28144091039597197;0.0
-0.12144721905708575;0.28315084379956496;-0.018107239999842244;0.0
0.1795802352428543;-0.06450441328415607;0.22841204248033636;0.0
0.286151356376012;-0.12976277899923222;0.3486032064353052;0.0
-0.0370226592007008;-0.17316862758747611;-0.1532464601221966;0.0
0.17349658851218785;-0.13141231845084367;0.18133908318752803;0.0
-0.15702287738809073;-0.1370127369556599;-0.3098326996908533;0.0
0.24914815949011265;-0.037027175819301116;0.3467659914481105;0.0
0.1263109586412877;-0.387850783327077;-0.03431802939599138;0.0
-0.11504978208174088;-0.11498502588382675;-0.23532257243508878;0.0
0.1633310396428054;-0.13509233928451683;0.16423547554469234;0.0
0.13585883795701043;-0.42549249211881807;-0.04165100964038475;0.0
0.0402723755877651;-0.31544719279528427;-0.12012686503237853;0.0
0.07724494494614337;-0.45819546859556226;-0.14680731521251034;0.0
0.17850441976136186;0.07127310150711744;0.30412246218801414;0.0
-0.08821120436495615;0.19499045089556394;-0.019227255674090955;0.0
0.194574280648582;-0.33923663819635785;0.09414312654295151;0.0
0.08740122030558196;-0.44813493668995946;-0.12608494458707603;0.0
0.011331632078275644;-0.16634042621024459;-0.07796819956780615;0.0
0.2899579444709384;-0.20436701591180162;0.3117507671446848;0.0
-0.15901423358857295;0.347071277076282;-0.03718149278205902;0.0
-0.17775719928162587;0.22931023919179386;-0.13189576701346276;0.0
-0.006883386854089013;-0.32664682658053446;-0.19612427802258214;0.0
-0.11810780107612602;-0.31883089222926275;-0.35588786958626284;0.0
-0.0383822848612909;-0.11639789156233782;-0.1229339868752128;0.0
0.3461733386455512;-0.19511286934178418;0.40001636886342823;0.0
0.2025749591371025;-0.041332037700852434;0.27555390664943613;0.0
0.0028887028653251517;-0.2760318312795627;-0.15288128037577375;0.0
0.3376859201157907;-0.3594729065344799;0.2939144978341252;0.0
0.3326223255025075;-0.35078440743493355;0.2913849406162343;0.0
0.08469801402324569;-0.3318189329652833;-0.06385675524063511;0.0
-0.29617018157906305;0.3129894126348237;-0.25908336479260663;0.0
0.27068058357191516;-0.24838900530456906;0.25822748655104;0.0
0.09861686882974172;-0.26527028639022787;-0.00542031566832697;0.0
0.11315430113437026;-0.28569006965403704;0.004417870045788048;0.0
-0.22879512443185807;0.2065039934502135;-0.22023255584133367;0.0
-0.006589731207975624;-0.22389157304474333;-0.1371916788496037;0.0
0.0597879417697683;-0.4429020958190729;-0.16387448434943255;0.0
0.006504020383746364;-0.05785249364074643;-0.02333306847246707;0.0
0.17433491420731498;0.280304919455343;0.4169693299885896;0.0
0.10743651939652091;-0.21121277314886125;0.038376329263611675;0.0
0.07616738704953151;-0.25425643135725984;-0.03229479745797176;0.0
0.2823101439186436;-0.3586971791030209;0.21259857327159307;0.0
0.16450183693432485;-0.12799591130146878;0.1700040859372377;0.0
-0.025042650489903603;0.2627886024922312;0.11263345901642464;0.0
0.09151547217934326;-0.24400306790766757;-0.0037973883221883425;0.0
0.3365841451634567;-0.3257493705387916;0.3114867876051555;0.0
-0.164777317742085;0.4700323704568746;0.02431213155536305;0.0
0.18113512579699623;-0.20842948828150207;0.1487704919523186;0.0
-0.10831345515762836;0.18154435183451703;-0.056561418888833995;0.0
-0.0789085137756933;0.2203422445077951;0.008940256922581408;0.0
0.29740796625638244;-0.3583163508600952;0.23510601097446787;0.0
-0.07765821186699139;-0.2817946415673531;-0.27508263633686386;0.0
0.0632898751392911;-0.1850543864271097;-0.011910286494790975;0.0
0.04056006871896607;-0.14301402585039005;-0.021535110024041005;0.0
-0.2778608817579442;0.3572526586164279;-0.2068519942582271;0.0
0.09876128769723896;0.5251441293706324;0.444779495785693;0.0
0.1766710260549915;0.14852612305338886;0.34539611789989544;0.0
0.09947306843806797;-0.31927154301617133;-0.034899376536767474;0.0
-0.17217862366741338;0.1529622664575962;-0.16712473669259648;0.0
0.2047118694412468;0.05213600566715172;0.3319206603078618;0.0
-0.18606428932553526;0.011447385861148067;-0.26819079975730636;0.0
-0.08118295383113266;0.12464137861169919;-0.048900703744363554;0.0
-0.178664761920265;-0.008509285681717021;-0.2686274623531184;0.0
-0.22895098835313515;-0.0640924777488165;-0.3745145003852841;0.0
0.05423276210016691;0.04149149276437082;0.10369128730343762;0.0
-0.015148276820844186;0.4558384829197481;0.23714583846068005;0.0
-0.22434771785018331;0.4019228826755886;-0.10241346506607779;0.0
-0.017888345307120204;0.35166617937371897;0.17379458893145527;0.0
0.10847241611185766;-0.13931287785669053;0.0808386848310161;0.0
-0.030586825482724386;-0.34020275192093286;-0.23883780858948422;0.0
0.03460879137483647;0.19674400824814622;0.16310416625759988;0.0
0.007634556694848443;-0.2572807142833093;-0.1351993393847482;0.0
0.0523072047228425;0.19531796030609688;0.18842248894403443;0.0
0.03172801240356567;-0.14654187237885358;-0.03658329757083153;0.0
0.25154935560772723;-0.26444162173370245;0.2208430522427914;0.0
-0.35715067422139507;0.2523932147678209;-0.3836134904636885;0.0
-0.08105523567067423;-0.37738051847874143;-0.33451553116913524;0.0
0.05736903561066364;0.4329843592675063;0.33120042718572035;0.0
0.2562001819779131;-0.44318625971116615;0.12594944494762178;0.0
0.09478778896250009;0.08268887192694785;0.18702113987633737;0.0
-0.03923006981734542;-0.04516662823008569;-0.08363337984224066;0.0
0.019703377745700162;-0.443745820816831;-0.22353621687910527;0.0
-0.269477929658407;0.4095391272800494;-0.16470836077259127;0.0
0.275582144706209;-0.1604378852199022;0.3155351983398619;0.0
-0.07995982368709495;0.23678662037836123;0.01674994804053507;0.0
0.3346870675796988;-0.27806390444069334;0.3358334732483801;0.0
0.19565483506752052;0.21486325091160824;0.4111901062233871;0.0
0.02230588766159968;0.17653168511916728;0.13343302252521336;0.0
-0.1822504662418411;-0.049203191453446704;-0.29708867414518475;0.0
0.25871712565581473;-0.27614423572594615;0.22476329314079616;0.0
0.2525786467997417;-0.1745576367499878;0.2735340809207406;0.0
0.06242976608620901;-0.17837823296894711;-0.24953862481952124;1.0
0.037440253588570345;-0.10697663463637055;-0.14965280152555063;1.0
0.01637668894632701;-0.04679250010474115;-0.0654594225632738;1.0
-0.09431314520802186;0.269477418267422;0.37697998940304417;1.0
-0.07598280132637666;0.21710281307018547;0.30371159370894085;1.0
0.08180639039526418;-0.2337423360536763;-0.3269891181795188;1.0
0.07728067675024598;-0.22081118392014087;-0.30889934418060166;1.0
0.01632127736900157;-0.04663417467972378;-0.0652379364089644;1.0
-0.035809935849099264;0.1023183888062773;0.1431362426429705;1.0
-0.043260881872649634;0.12360769788029481;0.1729184914143938;1.0
-0.06583526699322265;0.18810864319230738;0.2631507855952692;1.0
0.04986163073414886;-0.1424677704386336;-0.19930240884575184;1.0
-0.09400525564510064;0.2685976969481457;0.37574932103850867;1.0
-0.049861442596083605;0.14246723287878454;0.1993016568372626;1.0
0.06508881524029181;-0.18597583454938363;-0.26016713603836933;1.0
0.000631013150038418;-0.0018029702454529434;-0.0025222287952542093;1.0
0.08057199833827314;-0.23021535385078118;-0.3220551176906442;1.0
0.03361974898767894;-0.09606044989821748;-0.13438182545130747;1.0
-0.08806993918921126;0.25163893948538246;0.3520252099433929;1.0
0.07992097462178079;-0.22835520816309074;-0.31945290446572094;1.0
0.0837484109755701;-0.23929119873924104;-0.3347515875168467;1.0
-0.06921221677305055;0.1977574753490507;0.27664882438303573;1.0
-0.006497916154834285;0.018566252516133683;0.025972883820048313;1.0
0.06782562896497972;-0.19379562992553248;-0.2711064807782286;1.0
-0.06345803464317121;0.18131626621346;0.2536487270629795;1.0
-0.0814886396767436;0.23283443882375482;0.32571903369409;1.0
0.056339353298050614;-0.16097632456354044;-0.22519457666720882;1.0
0.028766078171329396;-0.08219223801932282;-0.11498117065522835;1.0
0.027200934798390485;-0.0777202124662818;-0.10872512086658692;1.0
-0.017582481348475357;0.05023776558476219;0.07027910709379769;1.0
-0.0034962737716965966;0.00998977213064849;0.013974989875453954;1.0
-0.008790267753980962;0.025116102903762365;0.03513566467788427;1.0
-0.05531652550345521;0.15805383700561002;0.2211062217478893;1.0
-0.06234898538284659;0.17814742129004574;0.24921573548495002;1.0
0.04572579214770511;-0.13065059371117516;-0.18277100823291711;1.0
0.08554706089446194;-0.24443041380243097;-0.3419409885899217;1.0
0.09152590572861787;-0.2615135432705044;-0.3658390873888879;1.0
0.03687521872010332;-0.10536218166430898;-0.14739429516085215;1.0
0.0005014658228295891;-0.0014328195182909903;-0.0020044139145113373;1.0
0.03170197740777313;-0.09058087297349737;-0.126716282029171;1.0
0.028270061300567;-0.0807749875877386;-0.1129985367999868;1.0
0.05369352349385349;-0.15341649413653657;-0.21461890464027647;1.0
-0.09785145406126139;0.2795872956625685;0.39112299811150014;1.0
0.05731576259904309;-0.16376618229782974;-0.22909739177457597;1.0
-0.07217262997628938;0.2062161531426287;0.28848192077192264;1.0
-0.020125887116491145;0.05750494364843117;0.08044537901018248;1.0
0.03006624900634466;-0.08590716746159437;-0.12017809613709123;1.0
-0.044676886870193826;0.1276535959377749;0.17857841875317013;1.0
0.04419442825207231;-0.1262750849937756;-0.17664997872134108;1.0
0.05463197044357161;-0.15609788346602174;-0.21836998006438357;1.0
0.04897469476194607;-0.13993356149638547;-0.19575722845054064;1.0
0.0868852189925887;-0.24825388282916605;-0.34728975333039097;1.0
-0.03538286849373417;0.101098145243238;0.14142920756588961;1.0
0.09214568457917906;-0.26328441417272697;-0.368316411456508;1.0
0.00817920127995608;-0.0233701255487839;-0.03269316493519874;1.0
0.006454749610681961;-0.018442914365889216;-0.02580034240685276;1.0
-0.043815120676759085;0.1251913036619238;0.1751338447253145;1.0
-0.06021199748649054;0.17204148579284026;0.24067396039362146;1.0
-0.0033698028617582267;0.009628411535357633;0.013469471772084574;1.0
0.025770389736288122;-0.07363276962678922;-0.10300707529444056;1.0
-0.08678202457328674;0.2479590292789874;0.346877273913984;1.0
0.07950149796259466;-0.22715665321201162;-0.317776210234116;1.0
-0.04886195152431804;0.13961142446515723;0.19530658135959128;1.0
0.024889508586250875;-0.07111586090119319;-0.09948609668775808;1.0
0.033613854384499146;-0.09604360746927401;-0.13435826407564394;1.0
-0.07557922438306203;0.2159496877819045;0.3020984523861857;1.0
-0.04645391794388216;0.13273104028407784;0.1856814069299543;1.0
0.0455862027504597;-0.13025175015332083;-0.18221305409642546;1.0
-0.026652296384783614;0.07615260847073041;0.10653215293097798;1.0
-0.008811758128754111;0.025177506546899223;0.03522156406376924;1.0
0.021605909758231293;-0.06173375692354546;-0.08636119189680447;1.0
-0.040827765604304476;0.11665564587426808;0.16319305872911932;1.0
-0.047351132068758;0.13529461660709546;0.18926767022911517;1.0
0.06254830586503306;-0.1787169322402845;-0.25001244132162564;1.0
0.03810291523795395;-0.10887003295393125;-0.15230153284515024;1.0
0.04570200459604828;-0.13058262643054586;-0.1826759267789826;1.0
-0.006918611337269475;0.01976828910806503;0.02765444862277573;1.0
-0.04771108220495114;0.1363230886529846;0.19070643041708707;1.0
0.07127335887904719;-0.2036466995094916;-0.2848874355285232;1.0
0.09021530443125206;-0.2577688112587251;-0.360600470204583;1.0
-0.08694278915786124;0.24841837590669683;0.3475198675975645;1.0
0.07090204116390306;-0.2025857473059223;-0.2834032378802372;1.0
0.008614498959279227;-0.024613885308285854;-0.034433097520168376;1.0
-0.020271304177059142;0.057920438370481525;0.08102662695638375;1.0
-0.04624223178824623;0.1321261973581219;0.18483527413974365;1.0
0.051795363686144756;-0.14799295319415656;-0.20703175162340878;1.0
0.037108244733735696;-0.10602799816745176;-0.14832572570487662;1.0
-0.03105713704108324;0.08873839473966334;0.12413878433184332;1.0
0.059745526442032106;-0.17070865554441722;-0.23880942444787495;1.0
0.020379957074237006;-0.05823088822510344;-0.08146092450776302;1.0
-0.09425998552710854;0.2693255271017012;0.3767675043257713;1.0
0.040378176493951264;-0.1153710517440235;-0.16139600172627153;1.0
-0.0401933237651608;0.11484287896382121;0.16065712508731678;1.0
-0.06820012861152683;0.19486567374255273;0.2726033969554526;1.0
0.033687596490375775;-0.096254308027138;-0.1346530193637919;1.0
-0.04754861418126801;0.135858874852495;0.19005702790048865;1.0
0.08535559105829522;-0.24388333420909866;-0.3411756626467573;1.0
0.034976233406072275;-0.09993628203362516;-0.13980384250463992;1.0
0.08589323115489589;-0.24541951312529783;-0.34332466910256076;1.0
0.06822174336922286;-0.19492743278035765;-0.2726897935135276;1.0
-0.05669111230102255;0.16198139239119186;0.2266005959969672;1.0
-0.04969310311539086;0.14198624278403685;0.19862878546278248;1.0
0.06089645707792636;-0.1739971665540075;-0.24340982047926668;1.0
-0.02462964930856285;0.07037337471743002;0.09844741064316646;1.0
-0.004472943993394965;0.012780375383900625;0.017878847911510665;1.0
-0.03105000705898954;0.08871802250880767;0.12411028501111557;1.0
-0.014386648566210742;0.0411064322432694;0.05750501281738771;1.0
-0.0401390721736851;0.11468786792293688;0.16044027552372203;1.0
0.09278337127931674;-0.2651064525029889;-0.37086531516372867;1.0
-0.06287343945875107;0.17964592428305742;0.2513120359692651;1.0
0.07513812392435941;-0.2146893479581654;-0.30033532545535735;1.0
-0.07319289691179635;0.20913132365377654;0.2925600396564891;1.0
-0.026459435416739743;0.07560155404837618;0.10576126648106607;1.0
0.03486209727292712;-0.09961016513419249;-0.1393476278574806;1.0
0.05248614227682972;-0.1499666889952648;-0.20979286944237127;1.0
0.0014749060632345452;-0.004214193866939416;-0.005895361360945819;1.0
0.05216843693397686;-0.1490589214155396;-0.20852296632846498;1.0
0.057840438535236155;-0.1652653192039365;-0.23119457905880694;1.0
-0.022675228998296135;0.06478908274775355;0.09063537822469112;1.0
-0.06788830887012583;0.19397472287147086;0.2713570192363156;1.0
-0.08848578044913341;0.2528271071462714;0.353687373085265;1.0
-0.0016058583168685348;0.0045883588377688125;0.006418791886758112;1.0
0.023554064973361936;-0.06730014787148479;-0.09414818204261681;1.0
0.017086224662250512;-0.04881982993743693;-0.06829551466984023;1.0
0.002285958885200433;-0.0065315847254438855;-0.009137228478786393;1.0
-0.004309865425827355;0.012314417099231617;0.017227004984017327;1.0
-0.01217438815452215;0.034785423406567394;0.048662365223399874;1.0
-0.030291718120637426;0.08655139191922055;0.12107932092531482;1.0
-0.03190761366025169;0.09116842973769908;0.1275382326926683;1.0
0.05104456479286066;-0.14584772362987916;-0.2040307260695501;1.0
-0.0904343571547546;0.2583947024032068;0.36147604797481386;1.0
0.05014754612109698;-0.14328470576772023;-0.2004452440179236;1.0
0.006082291221926286;-0.017378702958321966;-0.024311585360987147;1.0
0.09493216118742177;-0.271246109446441;-0.3794542641909307;1.0
0.08823561191116712;-0.25211230995024747;-0.3526874219906059;1.0
-0.01733266554305921;0.04952397623824579;0.06928056590984318;1.0
0.0935622297431843;-0.26733185562760986;-0.37397849789989607;1.0
-0.034977610633259604;0.09994021713329754;0.13980934743281656;1.0
-0.0759414624769795;0.21698469712372728;0.3035463577922158;1.0
0.07237875982837692;-0.20680512025051037;-0.2893058444072146;1.0
0.050043136210168405;-0.1429863792388307;-0.2000279061481218;1.0
-0.0029461478591551395;0.008417917960090381;0.011776076243395597;1.0
0.028677067243981145;-0.08193791042960573;-0.11462538421236838;1.0
0.06958585276604089;-0.19882505148110252;-0.27814228844223365;1.0
-0.030186210052555184;0.0862499276670161;0.12065759360088034;1.0
0.06282744769558805;-0.17951451374032343;-0.2511282018457018;1.0
0.042321854825627205;-0.12092465106050364;-0.16916509727771328;1.0
-0.0824399586858839;0.2355526070066355;0.32952156015202566;1.0
0.07212165924009972;-0.2060705163667022;-0.2882781851468805;1.0
-0.038943162037368736;0.11127083867103825;0.15566009149400747;1.0
0.039897044904550996;-0.1139963324694991;-0.15947286597384244;1.0
0.06316757085592163;-0.1804863349105059;-0.2524877114357538;1.0
-0.06277324186016055;0.1793596334364823;0.250911535174052;1.0
0.0038966019530867002;-0.011133614853131692;-0.015575145540343656;1.0
-0.020800561936027945;0.05943266674724001;0.08314212828896542;1.0
-0.08773519821921516;0.2506824966461163;0.35068721355865184;1.0
0.00469195377216822;-0.013406143824015337;-0.018754254026946655;1.0
0.08382631681462598;-0.239513796176008;-0.3350629857033555;1.0
-0.010083477882198091;0.02881114377914177;0.040304767450948575;1.0
0.07252447412934618;-0.20722146426642912;-0.2898882804559128;1.0
0.08751076865187903;-0.2500412424470837;-0.34979014395367264;1.0
-0.06726327599549682;0.19218883984301513;0.2688586942580267;1.0
0.011638851275864665;-0.03325525393624272;-0.04652176556047965;1.0
0.06921384996920996;-0.19776214181928228;-0.2766553524472786;1.0
0.09566291996537316;-0.2733340791395761;-0.3823751872050098;1.0
-0.015559163677730846;0.04445661576683937;0.062191684366097365;1.0
-0.07828791229298263;0.2236891203206838;0.3129253751584651;1.0
-0.09420033060480308;0.26915507732596355;0.3765290570559983;1.0
0.028814272758284146;-0.08232994260799267;-0.11517380970718037;1.0
0.07262981680123401;-0.20752245593828053;-0.290309346673611;1.0
-0.037814333799353686;0.10804548001528869;0.1511480411720066;1.0
-0.04533723047701399;0.1295403709991177;0.18121788460230884;1.0
0.09424685331494283;-0.269288004923613;-0.376715013432883;1.0
0.006974054905036633;-0.01992670593817365;-0.027876062646390674;1.0
0.0954808133980629;-0.2728137528637417;-0.38164728727479935;1.0
0.005169469222094323;-0.014770530838625763;-0.020662935673135898;1.0
0.09315768923211165;-0.26617597717325453;-0.37236150509108984;1.0
-0.02592344060573578;0.07407007614510508;0.10361883641231277;1.0
0.09631605371472209;-0.27520025374513785;-0.38498583446277285;1.0
-0.03993421534399835;0.11410253817429292;0.15962144029864164;1.0
-0.031147394441760057;0.08899628383094825;0.12449955306536023;1.0
0.08910890663745014;-0.25460754227132254;-0.35617807682916286;1.0
-0.06739281325431441;0.1925589618021398;0.2693764688943051;1.0
-0.09232072892760002;0.26378456183497223;0.3690160829229537;1.0
0.08755283552618241;-0.2501614385518457;-0.3499582898658266;1.0
-0.03405337202478736;0.09729942476522592;0.13611506430760367;1.0
-0.03191721808280969;0.09119587209463852;0.12757662262342664;1.0
0.015386642542003615;-0.04396367758574281;-0.06150209845763461;1.0
0.07271991938440792;-0.20777990267531146;-0.2906694965845822;1.0
-0.06924414973313626;0.1978487162001808;0.27677646392817196;1.0
-0.07187149661696517;0.20535573607090551;0.28727825769445275;1.0
-0.09275054545499588;0.2650126605043129;0.3707341067422798;1.0
-0.04136958113338458;0.11820375509734259;0.16535875484667018;1.0
-0.005944427605238285;0.01698479040863285;0.02376052935873554;1.0
0.04760062575192641;-0.1360074855657752;-0.19026492385510232;1.0
0.003874970222659235;-0.011071807319776793;-0.015488681140398888;1.0
-0.019912548089165937;0.056895378034088895;0.07959263951047728;1.0
-0.08258797991743198;0.23597554252891464;0.33011321725536313;1.0
0.01745409205043628;-0.04987092365098482;-0.0697659209827049;1.0
-0.0526225679031437;0.15035649282890348;0.2103381776393221;1.0
0.05006814382811461;-0.1430578325691835;-0.20012786434088017;1.0
-0.04187329093122783;0.11964298624141495;0.1673721381755193;1.0
0.09389725785376646;-0.2682891189029207;-0.3753176420170646;1.0
0.01862388786105353;-0.053213337417908686;-0.07444172318734504;1.0
-0.04360952261573535;0.12460385602073588;0.17431204671725248;1.0
-0.07164301384641206;0.20470290080609238;0.2863649869914992;1.0
-0.0603641953807408;0.17247635513706408;0.24128231207604153;1.0
-0.06474681075304073;0.18499863793424567;0.2588001065782094;1.0
-0.007251595831987163;0.020719713236289017;0.028985424183109124;1.0
0.054770046503296234;-0.1564924030212445;-0.21892188522476172;1.0
-0.0938105473691143;0.26804136428197955;0.37497105069606473;1.0
-0.09875591969278788;0.2821715914440079;0.3947382464783765;1.0
0.01719368457283665;-0.04912687111614144;-0.06872504372291828;1.0
0.053163340080627425;-0.1519016209225297;-0.21249970336606602;1.0
0.08242880073838295;-0.235520725821048;-0.3294769606116181;1.0
-0.05100822346796057;0.14574388692303522;0.2038854658065665;1.0
0.06245337575989714;-0.17844569200551705;-0.24963299527569816;1.0
-0.05350209082793747;0.15286952074836976;0.2138537272706824;1.0
0.057740246353607846;-0.16497904383504464;-0.23079409991578614;1.0
-0.04166182219151485;0.11903876452983456;0.16652687442060748;1.0
-0.016782951616370764;0.04795329921943877;0.06708329903044226;1.0
0.02020218238971752;-0.05772293927576079;-0.08075033958836003;1.0
0.05590616350770344;-0.15973858759628007;-0.223463069545753;1.0
0.004054424618625799;-0.011584555645740756;-0.01620598005075323;1.0
-0.07300089333671889;0.2085827190282403;0.2917925803003367;1.0
-0.0074982890264981335;0.02142458046359155;0.02997148394866383;1.0
-0.01991301201891575;0.05689670360319129;0.0795944938885895;1.0
-0.04189272316214494;0.11969850922717871;0.16744981093459285;1.0
-0.06469254570371173;0.18484358844074103;0.25858320322209843;1.0
-0.042125515897393696;0.12036365919273102;0.16838030903932275;1.0
-0.07442715240534982;0.21265791565907508;0.29749349428632005;1.0
-0.07083087917766664;0.2023824188272943;0.28311879561338105;1.0
-0.02837292308737223;0.08106889071953967;0.11340968664780794;1.0
0.03513778465246818;-0.10039787636070047;-0.1404495805618328;1.0
-0.001374041651908163;0.003925997761302755;0.005492195242064972;1.0
0.06368896749377487;-0.18197610200025888;-0.25457179100471705;1.0
-0.0162355485529502;0.046389224943717285;0.0648952689250702;1.0
0.05461137832098544;-0.15603904636522387;-0.21828767109104585;1.0
-0.010621871789674466;0.030349476530929828;0.04245678697153015;1.0
0.02292324503451011;-0.06549772968112054;-0.09162672553367447;1.0
-0.06334096247827584;0.18098176030044655;0.25318077677477413;1.0
0.061416952537020175;-0.1754843587394356;-0.2454902979378514;1.0
0.073210079284878;-0.20918041820499245;-0.2926287194869406;1.0
0.09112803171933395;-0.2603767127620843;-0.3642487413191775;1.0
-0.06807164814089504;0.19449857130474016;0.2720898464175034;1.0
-0.05029160350903387;0.14369631554807438;0.20102105720343555;1.0
-0.0015318567525132469;0.0043769169389091265;0.006122999514603268;1.0
-0.038104708871568575;0.1088751578360961;0.1523087021955048;1.0
0.033156784785223596;-0.09473763961813692;-0.13253130673781682;1.0
0.05938376972286807;-0.16967502161665243;-0.23736344314955068;1.0
0.16410503840548296;0.16111174951572246;-0.20259018402328433;2.0
0.25439307940683;0.24975292950272457;-0.31405215386462954;2.0
0.04855988699672459;0.047674150814291424;-0.05994792444159127;2.0
-0.16908345305953718;-0.1659993574924352;0.20873611318371016;2.0
-0.2560221385930336;-0.25135227452042846;0.3160632523874082;2.0
-0.0845065738394233;-0.08296516724372661;0.10432466005707977;2.0
-0.24120083635093595;-0.23680131400436263;0.29776612770515376;2.0
-0.26002927049513347;-0.2552863160194615;0.3210101181103613;2.0
-0.045618064852187314;-0.04478598773852166;0.05631619993504092;2.0
0.05714422832786025;0.05610191308007926;-0.07054542532816584;2.0
0.009107202525702896;0.008941086430780645;-0.011242981041573095;2.0
0.12550627461999603;0.12321703023685275;-0.15493941879174092;2.0
-0.05936374920518229;-0.05828094972091939;0.07328545785458442;2.0
-0.06247389757608346;-0.06133436873936081;0.07712498366636189;2.0
-0.22583930178042647;-0.22171997504031565;0.2788020779370414;2.0
-0.18876708453432153;-0.1853239579711204;0.23303585779526767;2.0
0.09986121153164708;0.09803973512909371;-0.12328019552328726;2.0
-0.2118583006884603;-0.20799398851489134;0.26154231789815324;2.0
0.1681633584445311;0.16509604547603415;-0.20760024228550933;2.0
-0.1947246526467393;-0.19117285956961413;0.2403905669008087;2.0
-0.07823216610888176;-0.07680520520682217;0.09657880758893851;2.0
-0.0840573625218669;-0.08252414957615842;0.10377010180357735;2.0
0.18590154175845955;0.1825106829223036;-0.22949830133795737;2.0
0.2208047179407337;0.21677722240835634;-0.2725868070564252;2.0
0.2585665201071527;0.25385024631433717;-0.31920433034686235;2.0
0.19798609988427915;0.19437481775139112;-0.24441687348137103;2.0
0.19685894917745084;0.19326822636267163;-0.24302538866568796;2.0
-0.08876155393064353;-0.08714253616129274;0.10957749816657024;2.0
-0.2230872509278039;-0.2190181218130753;0.2754046289976821;2.0
0.005854809773547863;0.005748017579858359;-0.007227852361934277;2.0
0.014480261638233882;0.014216140519810608;-0.017876104831995778;2.0
-0.20575964062652904;-0.20200656849521098;0.2540134286193898;2.0
0.1602611580177449;0.15733798181050762;-0.1978448547958465;2.0
0.20018324190288186;0.1965318837256663;-0.24712927896385342;2.0
0.08571167268528287;0.08414828499125171;-0.10581237304457317;2.0
-0.14031425859975696;-0.1377549154167411;0.17322010187510312;2.0
0.12027956169292568;0.11808565296727704;-0.14848696160931307;2.0
-0.21262806199783787;-0.20874970931705775;0.2624926000274288;2.0
-0.2543709985969924;-0.24973125144860614;0.314024894766604;2.0
-0.02343029571642806;-0.023002925268005292;0.02892505901727717;2.0
-0.018003233717888464;-0.01767485330988195;0.02222526783674523;2.0
-0.2644515284883018;-0.25962791167680377;0.32646946335252713;2.0
-0.1305145297579195;-0.12813393440464702;0.16112218648666368;2.0
-0.1740262370711693;-0.17085198473246382;0.21483805577019957;2.0
0.2166504910219271;0.21269876891736422;-0.2674583502818318;2.0
-0.14088821967774912;-0.13831840739924048;0.17392866561904693;2.0
0.1683080324925287;0.16523808065794504;-0.20777884461418866;2.0
0.09278486853859684;0.09109246519234353;-0.1145443416878207;2.0
-0.1121349563338334;-0.11008960585459653;0.1384323215170415;2.0
0.13879938491332952;0.13626767314625937;-0.1713499671011356;2.0
0.20754226548221563;0.20375667813243148;-0.2562141063137924;2.0
0.04969190084221883;0.04878551663764267;-0.06134541287646141;2.0
-0.032616169017689434;-0.03202124751317127;0.04026516033652428;2.0
0.037796187866899617;0.03710678240856293;-0.0466599729644741;2.0
0.019329201633574957;0.01897663546583329;-0.023862195542670692;2.0
0.1859826315893968;0.18259029366830615;-0.22959840797655673;2.0
-0.15201998946391376;-0.14924713282340346;0.1876710059603084;2.0
-0.06005878088269472;-0.05896330396562084;0.07414348510845423;2.0
0.06309885302536702;0.06194792495178296;-0.07789650074290573;2.0
0.03236559741509929;0.03177524635644562;-0.03995582585433541;2.0
0.15608601401873937;0.15323899276851502;-0.19269057556529495;2.0
0.08730538894841955;0.08571293174360292;-0.10777984018736733;2.0
0.14123871449943087;0.1386625091676324;-0.17436135684604184;2.0
0.09999740977048441;0.09817344910127429;-0.12344833433570766;2.0
-0.1508876839947682;-0.1481354806956394;0.186273157511573;2.0
-0.17818579498535517;-0.17493567198105756;0.21997309374026028;2.0
0.1322235467514791;0.12981177879297195;-0.16323199414758796;2.0
-0.1940527106897266;-0.19051317388708292;0.23956104426063352;2.0
0.17690090243044954;0.17367421596805524;-0.21838687419649896;2.0
-0.2615678927247;-0.2567968736577757;0.322909570824665;2.0
0.14920998130825783;0.1464883794389245;-0.18420200784244048;2.0
-0.26735829934031213;-0.2624816627983967;0.3300579165014624;2.0
-0.1762493865867944;-0.17303458382495715;0.2175825679061945;2.0
-0.008368412930814617;-0.008215772416579812;0.010330933968325504;2.0
-0.05290233538175828;-0.05193739259706856;0.06530874349982072;2.0
0.017123525704505174;0.016811191240293434;-0.021139254816976035;2.0
-0.2425478910380489;-0.23812379830736055;0.2994290873534574;2.0
-0.10456629824246505;-0.10265900068588928;0.12908869715036633;2.0
0.2215238375411329;0.21748322521032448;-0.27347457122012897;2.0
0.09560061870194744;0.09385685584984231;-0.11802042840215604;2.0
0.04731496870077021;0.04645193992659304;-0.0584110537329164;2.0
-0.09442056596733871;-0.09269832737051639;0.11656363522271168;2.0
0.1578919654366107;0.1550120034895797;-0.19492005025808076;2.0
-0.22877874146245356;-0.22460579910988;0.2824308612571233;2.0
-0.10343626117274735;-0.10154957558176793;0.1276936490754768;2.0
0.1924956402021248;0.18898450448842022;-0.23763881688915547;2.0
0.20757689814808766;0.20379067909573678;-0.2562568608703886;2.0
-0.1472888399493469;-0.14460227985046237;0.18183032940271562;2.0
-0.24784374795634329;-0.2433230583762875;0.3059669038523468;2.0
0.21561437734570904;0.21168155403661085;-0.2661792520751368;2.0
0.002559429190606375;0.002512744999585737;-0.0031596545466101114;2.0
-0.053245944206216485;-0.05227473396937132;0.06573293385774874;2.0
0.24016265390238273;0.23578206808584526;-0.29648447556731716;2.0
0.2157115783343414;0.2117769820715169;-0.266299248184736;2.0
0.22106868178612096;0.21703637153231048;-0.27291267446751816;2.0
0.213330398946181;0.2094392355838717;-0.2633596457500569;2.0
-0.03976444518075464;-0.03903913855322171;0.049089816772400374;2.0
0.017712051776923213;0.017388982550567544;-0.02186579926967632;2.0
-0.2483955163597424;-0.24386476248033503;0.3066480703995107;2.0
0.14047002226443325;0.13790783793984468;-0.17341239450546672;2.0
-0.2546656837026372;-0.25002056147459906;0.3143886880441388;2.0
-0.06634839701123867;-0.06513819699814435;0.08190811257692421;2.0
-0.12584913039979317;-0.12355363230008869;0.1553626795044981;2.0
0.06568532831012487;0.0644872227226221;-0.0810895441070957;2.0
-0.21278891716680706;-0.20890763047501293;0.26269117819784454;2.0
0.19231087500663718;0.18880310942472284;-0.23741072142469785;2.0
0.1585682708977066;0.15567597308553424;-0.1957549597108961;2.0
-0.20725753500285762;-0.20347714115955398;0.2558626021749149;2.0
-0.12894754758332352;-0.12659553410894547;0.15918772298574294;2.0
-0.2214325638325569;-0.21739361634141743;0.2733618924285662;2.0
0.24699425876840503;0.24248906393837602;-0.3049181964355461;2.0
0.0806007020608743;0.07913053887557596;-0.09950280150796922;2.0
0.14681137785003376;0.14413352669763274;-0.18124089512632863;2.0
0.17031187747725055;0.1672053753515372;-0.210252621947008;2.0
0.07989686066073333;0.07843953559828402;-0.09863389851654832;2.0
0.20344161121632592;0.19973082012492666;-0.2511517857999653;2.0
0.160704552663247;0.15777328890258022;-0.19839223227858568;2.0
0.18726371581918685;0.1838480108203444;-0.23117992608461882;2.0
-0.15876282043218687;-0.1558669740211066;0.1959951340917376;2.0
-0.26676818928755724;-0.26190231639971245;0.3293294166007694;2.0
-0.046175393184776745;-0.045333150358211;0.05700423029996913;2.0
0.03603411243268173;0.035376847369737;-0.044484663845694584;2.0
0.06552346922025909;0.06432831595536694;-0.08088972658095292;2.0
0.26319116499399975;0.25839053731239814;-0.32491352530986956;2.0
0.12391560950019323;0.1216553789747395;-0.15297571833213638;2.0
0.02717408861260165;0.026678431085423924;-0.033546828703024556;2.0
0.06752905465617648;0.06629731935418706;-0.08336565252743712;2.0
0.2457294187783964;0.24124729472989978;-0.3033567320903581;2.0
-0.105088489052956;-0.1031716666946644;0.12973334970595232;2.0
0.030373789435382315;0.0298197691119343;-0.037496908388603124;2.0
-0.1867408844810865;-0.1833347159672342;0.23053448278788607;2.0
0.24272565856082018;0.23829832333644582;-0.2996485440837414;2.0
0.033306464584526296;0.03269895203423075;-0.041117340789207237;2.0
0.16531642471646976;0.1623010400445132;-0.20408565898280212;2.0
-0.044315356382634195;-0.043507040774565194;0.054707986371705014;2.0
-0.18094216436256005;-0.17764176496265002;0.22337587396437694;2.0
-0.22748033703383672;-0.22333107768081248;0.2808279610982618;2.0
0.009242740223849615;0.009074151910585086;-0.011410304406391361;2.0
0.12973146145126885;0.1273651493258911;-0.16015547666538948;2.0
0.258576973195357;0.2538605087373852;-0.3192172348443933;2.0
-0.02464536329796813;-0.02419582992068302;0.030425078561690532;2.0
-0.20340464534655034;-0.1996945285155417;0.2511061508674051;2.0
-0.19036295231491318;-0.1868907169970779;0.23500598101932155;2.0
-0.07051370056057926;-0.0692275250810528;0.08705024362160733;2.0
0.02842280090724224;0.027904366768972177;-0.035088383161202136;2.0
0.23887688418409453;0.2345197509089899;-0.2948971731519218;2.0
-0.22850893838369243;-0.22434091726063096;0.2820977852229725;2.0
-0.125151994523039;-0.12286921223690621;0.15450205458442776;2.0
-0.20405449122268338;-0.20033252115145747;0.2519083955572194;2.0
-0.06742785281603135;-0.06619796344361652;0.08324071730535189;2.0
-0.10998310393312657;-0.10797700341200205;0.13577582676169475;2.0
0.21762585298679238;0.21365634020278848;-0.2686624495701372;2.0
-0.17620830345939126;-0.1729942500570497;0.2175318501560162;2.0
-0.016522926479189178;-0.01622154699238584;0.020397805872060856;2.0
0.011395273440393268;0.01118742275088164;-0.014067639639318863;2.0
0.11230858177031858;0.1102600643493774;-0.13864666477834797;2.0
-0.24100768136149034;-0.23661168217721312;0.2975276749115222;2.0
-0.21138989160881796;-0.20753412325393725;0.26096405971324343;2.0
0.0789928212300253;0.07755198591834865;-0.09751784798933108;2.0
-0.1773958106575282;-0.174160097029899;0.21899784598488956;2.0
0.22329614340490686;0.21922320407486165;-0.2756625099609271;2.0
0.11423597819086648;0.1121523049066572;-0.1410260651874921;2.0
-0.2667688518901518;-0.2619029669163832;0.3293302345938236;2.0
-0.08991061488809722;-0.08827063815593199;0.11099603152231843;2.0
0.21811726820601848;0.2141387919695194;-0.2692691091868204;2.0
0.14332555454618617;0.14071128508675726;-0.17693759285443725;2.0
0.23734427445750791;0.23301509610512539;-0.29300514296465924;2.0
-0.0407637297452888;-0.04002019608820338;0.050323448876494495;2.0
-0.08739995912400664;-0.08580577695170188;0.10789658851795766;2.0
0.12402382377422393;0.1217616194118465;-0.15310931051128482;2.0
-0.07455658311471319;-0.07319666513739703;0.09204124407220138;2.0
-0.03189644043469196;-0.031314646836495645;0.03937664437447322;2.0
0.23854596301280567;0.23419486576605844;-0.29448864589620793;2.0
-0.019500990985286605;-0.019145291366172244;0.024074272129195173;2.0
-0.102718169616696;-0.10084458207253735;0.1268071540482702;2.0
0.05252920536801328;0.05157106850430826;-0.06484810878144949;2.0
-0.16574782274172237;-0.16272456933563917;0.2046182264540534;2.0
-0.12678839289673746;-0.12447576257474419;0.15652221344660625;2.0
-0.1492446163307214;-0.14652238271583692;0.18424476530828507;2.0
-0.09236905106184877;-0.09068423225928413;0.11403100864239439;2.0
0.04836331523576025;0.047481164537806125;-0.059705253591174436;2.0
-0.20146678640383697;-0.19779201627332887;0.24871383431436048;2.0
-0.1586324432546435;-0.15573897493360125;0.19583418146866408;2.0
-0.22470632803865817;-0.22060766682927438;0.27740340449551526;2.0
0.20722223229147238;0.2034424823724187;-0.25581902043686744;2.0
0.19843700863810187;0.1948175018938538;-0.2449735272459492;2.0
0.24475129486946293;0.24028701187848572;-0.3021492231397872;2.0
-0.07092273377255097;-0.06962909749486235;0.08755520138823136;2.0
-0.05050809520570921;-0.04958682355133956;0.062353017322399985;2.0
0.0011501243082425124;0.0011291459498255125;-0.0014198460785876652;2.0
0.12676151643973602;0.12444937634644578;-0.15648903404868694;2.0
0.046244719866891555;0.04540121251615669;-0.057089815151134156;2.0
0.0542834025299579;0.053293268971170774;-0.06701369205241145;2.0
0.16728551159730604;0.16423421062478583;-0.2065165269038758;2.0
0.14361690895780793;0.14099732517084976;-0.1772972743391739;2.0
0.1068086348102219;0.10486043685716478;-0.1318568959961662;2.0
0.20914171801075315;0.2053269565202486;-0.25818865496410426;2.0
-0.06465575482252559;-0.06347642873692944;0.07981851986344723;2.0
0.19443092022658795;0.19088448485205586;-0.24002794972811087;2.0
0.04946357436537682;0.04856135485381076;-0.06106354034280699;2.0
0.13267541214781284;0.1302554021287105;-0.16378982890200186;2.0
0.004065627041389221;0.003991469682351708;-0.005019078868559369;2.0
-0.24299709281658916;-0.238564806609905;0.29998363383089827;2.0
-0.17578343033174343;-0.1725771266488797;0.21700733777082032;2.0
-0.08755159668900939;-0.08595464863551655;0.10808378741506186;2.0
-0.23102851132408092;-0.22681453299115745;0.2852082366180854;2.0
-0.1848779158150555;-0.18150572799712933;0.22823461942873513;2.0
-0.07593991567194493;-0.07455476559929129;0.09374898930694862;2.0
-0.12541326959272478;-0.12312572162864047;0.15482460266072479;2.0
0.03452831559001246;0.03389851638066488;-0.042625734574405036;2.0
-0.2589804210250856;-0.25425659764676584;0.31971529737106935;2.0
-0.06204821982849165;-0.06091645538757833;0.07659947796551829;2.0
-0.17132224046072042;-0.1681973092342163;0.21149993052900118;2.0
0.05934550052538464;0.058263033898485674;-0.07326292957980195;2.0
-0.1594893325852833;-0.15658023453502568;0.1968920244750011;2.0
-0.004252627851845055;-0.004175059583223337;0.005249934233945183;2.0
0.2561581918086228;0.25148584611459646;-0.31623121216640704;2.0
-0.14419304815087505;-0.14156295553943277;0.17800852699954678;2.0
-0.054243887229768174;-0.05325447443318423;0.06696490980894741;2.0
-0.22118940487061156;-0.2171548926181845;0.273061708964816;2.0
-0.262624127503459;-0.25783384263056697;0.3242135088407047;2.0
0.24002333526781702;0.2356452906342014;-0.29631248457856524;2.0
-0.05618028516454667;-0.05515555231636256;0.06935542272531364;2.0
-0.19602528146706877;-0.1924497648173134;0.24199621310531752;2.0
-0.1671087200479103;-0.16406064376724447;0.20629827502767595;2.0
-0.15653080093053562;-0.15367566673183433;0.19323967182210397;2.0
0.2550268505325724;0.25037514059296917;-0.31483455402881916;2.0
0.0037727672848983456;0.0037039517109996667;-0.004657539012519712;2.0
-0.07181482757151558;-0.07050491943232282;0.08865650485005264;2.0
0.04053726969950941;0.03979786669158377;-0.050043880480580845;2.0
0.1822671569256851;0.17894258955654785;-0.22501159758262276;2.0
0.03840417820524967;0.037703682955017824;-0.04741054635166269;2.0
0.05115495325126649;0.050221882854945755;-0.0631515734895945;2.0
0.15169395313929013;0.1489270434271474;-0.1872685091226393;2.0
-0.009594215383875004;-0.009419216135871643;0.011844205876090403;2.0
0.10994247803971888;0.10793711853810573;-0.1357256734738887;2.0
-0.09929759610157304;-0.09748640008907553;0.12258440364019511;2.0
0.07819503203082291;0.07676874845728635;-0.0965329650006757;2.0
0.07448041799224216;0.0731218892727885;-0.09194721706165077;2.0
0.17671990302794874;0.17349651800898253;-0.21816342766117602;2.0
0.036531107035699395;0.03586477675185751;-0.04509821129714544;2.0
-0.21762059495484828;-0.21365117807776324;0.2686559584491484;2.0
-0.22082712292777848;-0.21679921872666402;0.2726144663561794;2.0
0.1983272744710344;0.19470976928667932;-0.24483805873556191;2.0
0.17478176576623466;0.17159373252432958;-0.2157707675190611;2.0
-0.1898555644182073;-0.1863925838957687;0.2343796028875859;2.0
0.2636107828233625;0.2588025012793397;-0.32543154994882056;2.0
-0.02110597894906627;-0.02072100422245454;0.026055654359117098;2.0
0.23502415200818047;0.23073729287291606;-0.2901409162563701;2.0
-0.011159652070611367;-0.010956099133534465;0.013776761448571375;2.0
-0.04819565433927496;0.0679179316943464;-0.16457852587346122;3.0
-0.16361528832286776;0.21907645937261544;-0.3883805067884579;3.0
0.14875275489042739;-0.17738020506391777;0.030055471882475253;3.0
-0.2258617582009948;0.27335586210810314;-0.10532201840592982;3.0
-0.18454441485302459;0.24193822603980364;-0.36155571301518474;3.0
0.30475829356848033;-0.3544547208804151;-0.07113931337094184;3.0
-0.3217824400142589;0.40213051987188364;-0.33804415874563115;3.0
-0.1541123595985921;0.1717755119607207;0.14665662450327074;3.0
-0.32030940776345396;0.3912816860161562;-0.2029847991329488;3.0
0.237751783133158;-0.2429690838061082;-0.5527961123989444;3.0
0.1632267042627472;-0.18357531016791023;-0.13101034642713164;3.0
0.2975255303936495;-0.3723438067837024;0.32037338564497647;3.0
-0.1270012631308297;0.15232737852072964;-0.03877371555592376;3.0
0.1005571881330733;-0.13511685110102514;0.24571463066228982;3.0
0.33378777610146276;-0.40476861612754395;0.16738936774513907;3.0
-0.15950405956235875;0.20032890831705621;-0.18234449373476164;3.0
-0.049949250209043776;0.02651780991063414;0.4796717515247083;3.0
-0.21762285957766958;0.28381928746746926;-0.40435435980867884;3.0
-0.23904275918520124;0.2690415251093492;0.18891926270954523;3.0
0.09791143573941916;-0.09971127926339379;-0.23282273674555662;3.0
-0.033304667366046495;0.022913798950686737;0.24227707946406873;3.0
0.22163409826855854;-0.2501647260832276;-0.1645403034698258;3.0
-0.056683874035508244;0.03550224297248236;0.4641752918547972;3.0
0.043093487394779174;-0.04318896775233534;-0.1127974584624689;3.0
-0.2618533893762815;0.29647329840544745;0.18088305547784672;3.0
0.2704003710566407;-0.28506084648574537;-0.49936416820524077;3.0
0.1203296351156439;-0.15365570259268085;0.17502708913859552;3.0
0.254716973644733;-0.3261528981158573;0.3836993266351053;3.0
0.2971032606667849;-0.37417795570664014;0.35493604564839876;3.0
-0.21090035180977557;0.25578442403471174;-0.10629033747009356;3.0
0.10589512038114192;-0.10907004122741365;-0.2336015548244852;3.0
0.3201293554796492;-0.3808837734961604;0.05201802776333922;3.0
0.08185137910524945;-0.12175546054278578;0.37450375865175445;3.0
0.22495280520224686;-0.24073089817665186;-0.36234766363479165;3.0
-0.030380273565186425;0.0073980069540814375;0.42114978107947815;3.0
0.05320632457203614;-0.09112877687099064;0.4210523353780292;3.0
0.19353895834823104;-0.2535092370195094;0.37590416914830604;3.0
0.10226935657675727;-0.08470781893047286;-0.5313373603639686;3.0
0.23865269875236667;-0.2712913073660678;-0.14875905067952513;3.0
-0.15568311357704803;0.17294228612238172;0.15680725000776438;3.0
0.06221561323767373;-0.09801321779246139;0.36568118802722127;3.0
-0.1563184154691647;0.14685483581180486;0.5545621776267525;3.0
-0.002116294834853566;0.0366402042501973;-0.5060870647577626;3.0
-0.2075653490182252;0.2728216929896292;-0.41707678547276417;3.0
-0.2928919612340161;0.3487260712975984;-0.05128020315086364;3.0
0.17728366274960153;-0.22477095684862627;0.23396981202218164;3.0
0.2269877316575676;-0.2871909554693753;0.29070596667063525;3.0
-0.1353605833888016;0.18298838367252412;-0.34716295862978125;3.0
0.13135041760155422;-0.16905706512105806;0.21074495897567203;3.0
-0.2530826286619493;0.2716266254881026;0.39590657579637684;3.0
0.15742412059937935;-0.16202303736356488;-0.34906544700376674;3.0
0.05017125283526576;-0.051581002011678465;-0.11207655085331775;3.0
-0.25807812417178283;0.28530035567774514;0.28052194521325235;3.0
-0.2419403570880433;0.24585392133068829;0.5832206035020963;3.0
0.29784183624096267;-0.3321238603001375;-0.28127282579040097;3.0
0.06639464210738252;-0.06321411081184852;-0.2231089562742963;3.0
-0.14323172496477138;0.1713577678616312;-0.03725650157129549;3.0
0.13517770061809295;-0.12870343728275618;-0.4542258449991872;3.0
-0.17147403420311008;0.19836449380678392;0.05590856146187629;3.0
-0.25483289334705833;0.28270202759533825;0.26233289682275945;3.0
-0.10445784386311699;0.13227338386124232;-0.1354185562767102;3.0
0.25102169698079096;-0.2683804943601514;-0.40801082384428833;3.0
-0.008827602329213107;0.01976256897403996;-0.13867636766096722;3.0
-0.29328267708110745;0.34280184985629103;0.04335214493887006;3.0
-0.09353380049040452;0.07820106127833164;0.47515099414702205;3.0
0.0804150411644997;-0.07258638094366596;-0.3291600776204895;3.0
0.25860294183377197;-0.3062115677795428;0.020243965374290462;3.0
0.18590818373023874;-0.22168167449765597;0.0374957673755327;3.0
-0.2603785159807736;0.30653119434161313;0.006041240100507675;3.0
0.12681497838521547;-0.16958856473066516;0.2978650511029403;3.0
-0.23748840066818283;0.29483753552836817;-0.22057370102879492;3.0
0.0436225345571988;-0.01614978811572905;-0.522801972500065;3.0
-0.3338538479972691;0.4065689435590486;-0.19291851546462446;3.0
0.25518279212164774;-0.2679229383339207;-0.48749448129290335;3.0
-0.2097181270672165;0.239037921982335;0.12126222881703112;3.0
-0.30113149277916285;0.37982352621406423;-0.3682312139037123;3.0
-0.1534066982994649;0.2012658251175375;-0.3027631287097083;3.0
0.20734955485173406;-0.26017736595084384;0.23343926734715625;3.0
-0.1293853660452413;0.1332566268680181;0.2855380161396533;3.0
-0.34298482287079424;0.4154553562996178;-0.16509350284863195;3.0
-0.1296877732778533;0.16169940118806678;-0.130742831535126;3.0
0.025219431165150807;-0.015287779522182625;-0.21404213255867702;3.0
-0.257928649736873;0.2773708778419873;0.3954370737103754;3.0
0.11399039490079618;-0.1405584209371235;0.09166398190555702;3.0
-0.2890497380045203;0.36342115636650013;-0.3362140574874879;3.0
-0.2782331362513674;0.33215646471205323;-0.06181050909189062;3.0
0.20024996700621212;-0.25881492621818947;0.3372887427462029;3.0
0.17493093770614737;-0.18298377706119906;-0.3442722577813802;3.0
-0.2570272769285523;0.28606686354730293;0.2508009161157867;3.0
0.10524711181163005;-0.10227545419937695;-0.32298559489545026;3.0
-0.35193989063056813;0.4299353786282035;-0.22324757210564583;3.0
-0.1794670826844974;0.213802379838114;-0.033250728481890084;3.0
-0.07832273660842609;0.09334628943417131;-0.015089230445883485;3.0
-0.02806438570647169;0.013249889103085652;0.2939533101896673;3.0
0.21457777000651918;-0.2374358104432333;-0.22991482701364052;3.0
0.20191463911747526;-0.2619254917367295;0.35430708989597637;3.0
0.2781412715550706;-0.33067669471507755;0.04148314973610559;3.0
-0.017219031842958313;0.03626448908887789;-0.23664578419285826;3.0
0.24743388298320595;-0.25247371908676497;-0.5810873102323446;3.0
-0.10250264569737903;0.11187526320174411;0.13275119092581744;3.0
-0.19097644310547268;0.23440811394242375;-0.137568813519503;3.0
-0.15861637036503565;0.1833918941581486;0.05317782514968614;3.0
-0.22423577267751868;0.2736174925655807;-0.1376087336789858;3.0
-0.10488757055588618;0.0997802330111936;0.35368665747815503;3.0
-0.2571925686789147;0.2966498957161001;0.09683250096421926;3.0
0.26628652077866716;-0.28627204303903747;-0.40953588561918763;3.0
0.3240188747906751;-0.38966793230083313;0.1142553371461326;3.0
-0.3337592018000499;0.4179312975975632;-0.36297924089170663;3.0
0.1101629182069935;-0.14451349496058852;0.21715715902673857;3.0
0.04478430845883137;-0.02163245800801368;-0.46183893288570455;3.0
-0.08807297650762948;0.11558364829405282;-0.17432550895002405;3.0
0.3000248409768458;-0.3368859437216254;-0.2488327382677017;3.0
0.12926302266360223;-0.1208988253004907;-0.4665615554657849;3.0
0.01599883300780698;0.009485013584484975;-0.42011115529017723;3.0
-0.2776953988017444;0.30633299683375026;0.3115366471452524;3.0
-0.1791429467026202;0.22025848322971545;-0.13460308981874328;3.0
0.24940930155471538;-0.3193863108754832;0.3761431855118427;3.0
-0.11341971256135208;0.15769547598599787;-0.35563164162214667;3.0
-0.06587635640054051;0.046646142181710884;0.4596156274778014;3.0
-0.06020714107435595;0.05716361506018313;0.20467931902681902;3.0
0.02925350840898508;-0.024391588718437673;-0.14959281947435332;3.0
0.21025065739208795;-0.23428031482991438;-0.20108136818900207;3.0
0.07331977183246086;-0.08785556473343276;0.02111948278695384;3.0
0.15627242653399023;-0.21315633841104675;0.4289287728747739;3.0
-0.11170713088025568;0.15705641577935942;-0.37608176834143386;3.0
0.2836214380655869;-0.34010432938102836;0.085466198882966;3.0
-0.1904731918996718;0.21555424657315597;0.1330809765478605;3.0
-0.005673353120221478;0.02977529762679665;-0.3421905235567935;3.0
0.35243223824312603;-0.4333775555187924;0.2656635630570155;3.0
0.2443516404457798;-0.27445897757702725;-0.2013804433247139;3.0
-0.09899886213132211;0.09051266221478377;0.3881593412923193;3.0
-0.35442889055621585;0.4383303500355779;-0.30418619417237186;3.0
-0.3229548610090606;0.3828711526148056;-0.03210717553134959;3.0
-0.0009922533927285912;-0.025695474390429816;0.39818185805233985;3.0
0.10354757073752216;-0.10412174570032229;-0.2659266818115836;3.0
-0.006011207362545814;-0.0040253274940878145;0.16468823370151311;3.0
0.19476061039123185;-0.2059092850763899;-0.3509428266515291;3.0
0.1787507705965153;-0.19512575336098306;-0.23104952059556344;3.0
-0.1859112580247867;0.21134213276523472;0.11580542007659561;3.0
-0.20924520075764844;0.27221256109565517;-0.37869843717369184;3.0
0.09988500522293434;-0.09800613512860969;-0.2925774155441985;3.0
0.0014957360675659365;0.02745598562988133;-0.4330720371581119;3.0
0.22251555055296499;-0.2531721118517915;-0.1353669422513758;3.0
0.15711037203748962;-0.19519550763467164;0.14808194520073714;3.0
0.017646349628019004;-0.021599058701379202;0.01181614159720449;3.0
-0.24647217676282807;0.2972162157092494;-0.0988661915852688;3.0
0.27697534123107026;-0.33968400644268226;0.1953559315008787;3.0
0.34736560981384107;-0.4250910103779517;0.231367895850497;3.0
0.16870001221624406;-0.1861262976866351;-0.18882966214427355;3.0
0.18983042690568852;-0.2532238612099346;0.4364693445622527;3.0
-0.1277921609103415;0.1803755879303528;-0.4406716919140948;3.0
0.1706719060324779;-0.22277666354964876;0.3199309645544132;3.0
-0.2532063063046446;0.3103092928682031;-0.1752675383504256;3.0
0.04536177870909612;-0.04000931127207971;-0.19955594869747803;3.0
0.0399810128161537;-0.040995103300289;-0.09093315011826991;3.0
0.252044107923291;-0.2624431663603523;-0.5138743070119851;3.0
0.3291244826516479;-0.3962368455897789;0.12241208872267698;3.0
-0.2994748316982238;0.360235398133565;-0.10685077578741609;3.0
0.08892218632802025;-0.13011560837512082;0.3748736345921312;3.0
-0.08094460061238876;0.10295962662292792;-0.11176447571303903;3.0
0.18993837098480112;-0.1989451026126799;-0.36990902720924324;3.0
0.27858899419231387;-0.33758064061881354;0.13598741588485508;3.0
-0.04939190034246289;0.056018876032428555;0.03268389705715022;3.0
-0.06420954990093367;0.08832611947619029;-0.18726615710716252;3.0
0.0923257941881698;-0.1268248754587592;0.2666327552406931;3.0
0.05878493709960918;-0.08544543786879949;0.2393481193326662;3.0
0.009401611819404973;-0.0182029078874748;0.1055308549378544;3.0
0.08505849872375143;-0.12468780381730916;0.36193118794838924;3.0
-0.23535520468845847;0.2638484925669099;0.20145940657689282;3.0
-0.19994924041442932;0.20803808464049833;0.4100457518059615;3.0
0.2100999887978826;-0.24710608791991798;-0.008351769093196265;3.0
-0.2209216670077814;0.22600422044653373;0.5101876494121318;3.0
0.13655689162579918;-0.1357415137503401;-0.374008030547384;3.0
0.10402140636599777;-0.09442308742008723;-0.4179540850818992;3.0
0.014727092594247627;-0.023088980255756217;0.08490380236253695;3.0
0.09980355869210093;-0.10659060241030027;-0.16391974935596004;3.0
-0.3001205325241775;0.367660699725197;-0.20562326961209987;3.0
-0.2519447779936026;0.30984274548183605;-0.19039383033168011;3.0
-0.25103191241563316;0.27429572707862515;0.32051670968774487;3.0
0.07639918507069804;-0.10786453600596813;0.26387934699024485;3.0
0.021299348779652123;0.00947594936661006;-0.5125865788867721;3.0
0.10269979038806405;-0.1085273544771358;-0.185816686558886;3.0
0.25347443878532144;-0.28285401970345214;-0.2363454443091783;3.0
-0.2277497320510646;0.2698895980726587;-0.020960421779712635;3.0
-0.18133912265322252;0.21457650237410458;-0.012016397653397383;3.0
-0.13006490540798543;0.1668758364761169;-0.20087615254906005;3.0
0.13604113015950825;-0.18233124495609893;0.32553277495461663;3.0
-0.2708974946394095;0.2894636226066564;0.44279410483432147;3.0
0.11571507877126405;-0.12785815027763325;-0.12670642811159064;3.0
0.3076130614984885;-0.3653987801472462;0.041189963156082254;3.0
0.1408891508269826;-0.15894112573527597;-0.10584762405943728;3.0
0.218770130270923;-0.23061724073945927;-0.4042244809314423;3.0
-0.1994564641639245;0.2572491404819953;-0.3279454116138005;3.0
-0.2624587102180749;0.2711151337807379;0.5673050542569157;3.0
-0.25996083464334074;0.32621909464178867;-0.29306055249042745;3.0
-0.011126781814907158;-0.003786366235649187;0.25052497395682405;3.0
-0.064205386878896;0.05685027800470888;0.27918015789945533;3.0
0.1694654605958988;-0.1654583240803062;-0.5085337375511516;3.0
-0.28860178877698606;0.32775451948068646;0.1845923519238069;3.0
-0.027611900358529853;0.033308728629113826;-0.011254446699856589;3.0
-0.3249453208910655;0.39212658509931964;-0.13450953017996867;3.0
-0.3220018438604266;0.383189094029925;-0.053470506970511936;3.0
0.1956121808809454;-0.2278146846020009;-0.04115054484227899;3.0
0.3002201651858956;-0.35845440542443074;0.06743145171454429;3.0
-0.2929546554692881;0.34407454216232347;0.01875779987997961;3.0
0.02702263424870103;-0.062369159325666584;0.45226906061176075;3.0
-0.22517938032310075;0.29178716730001075;-0.3904239278096293;3.0
0.0569219125557344;-0.09722503140559058;0.4464897835382779;3.0
-0.0496355320256036;0.04878659858226507;0.14413376059738173;3.0
-0.23117562977354855;0.26982197071896746;0.039898657096737726;3.0
-0.059119787315399235;0.06798570468747181;0.025281691582681644;3.0
-0.3144904979472289;0.3841985899456358;-0.199669788001329;3.0
0.03452088090352029;-0.030343424881780517;-0.15340839985315416;3.0
-0.1980599812586521;0.21091539364278833;0.33439089304489117;3.0
0.19734180389246797;-0.19816044215153117;-0.5108904716292407;3.0
0.014562566131350561;-0.025522624723637623;0.12384863370805597;3.0
0.0922576367617206;-0.11278752671066421;0.059769086117870046;3.0
-0.19954256772302092;0.25217918812525103;-0.251296746599208;3.0
-0.2267343980246176;0.2596537306343149;0.11301068929033117;3.0
-0.069886536757967;0.06344112592363016;0.2807540809355816;3.0
0.2516813210294582;-0.31569733573413933;0.28177069307876945;3.0
0.1903281687013796;-0.2338760085875385;0.14100876358478548;3.0
-0.31075455633243815;0.39030219318716153;-0.35540809545363355;3.0
-0.19966592378358006;0.2125163761296035;0.338720710392062;3.0
-0.0603304485731513;0.044846214893273575;0.38939602229346365;3.0
0.32468617168983777;-0.3937269964497356;0.16275783385491824;3.0
-0.05347589756877065;0.06415424273392936;-0.01653945570769485;3.0
0.1467119084451811;-0.19851551646579135;0.3789697446737399;3.0
0.24073121439289996;-0.24668949876248303;-0.5497101472121088;3.0
-0.2628086724052099;0.31723986516011643;-0.11021797225801808;3.0
0.09687475523402199;-0.08482493962556248;-0.4353478394794804;3.0
-0.1485731259685685;0.16092621607531185;0.21067880805411793;3.0
-0.3101577038281916;0.37723122631853906;-0.17210492759709764;3.0
0.09854344167742474;-0.11939822526747625;0.04792494255793036;3.0
0.2669469871841825;-0.29634846797993747;-0.2717277601934241;3.0
-0.07601507380730309;0.09173020905980374;-0.03145561961953016;3.0
0.18311895143466192;-0.20960214029736857;-0.09280797424002293;3.0
0.19301901911972782;-0.23653561364519043;0.13341397794464588;3.0
-0.14997493601888684;0.15410178971047503;0.336319216764031;3.0
0.10633973651326638;-0.1045045657802546;-0.3090369921444225;3.0
-0.21509966823739743;0.24966702235430377;0.057748494545645124;3.0
-0.13110976834622393;0.15601423626697403;-0.021635312047991337;3.0
-0.2182431425546889;0.2702103653590814;-0.1918122930286717;3.0
-0.04021949485609336;0.03157629371620319;0.23470071664613987;3.0
-0.052875171267128596;0.07212466652030915;-0.14516885243641978;3.0
0.2939562610381315;-0.35982152835733516;0.19713619586040018;3.0
0.10359147721673136;-0.13090458249755757;0.1302678929856533;3.0
0.11814876045134606;-0.13866281566520672;-0.009086025361540101;3.0
0.2449375595925936;-0.29024769595436506;0.022394892856547693;3.0
0.19191774580686516;-0.22470824323741273;-0.022644070077242513;3.0
